date,weekday,monthCn,monthPy,monthNum,monthLabel,leap,dayCn,dayPy,dayNum,monthLength,fast,moon,longFast,source,event
2026-08-12,Wed,六月,liu yue,6,6th month,False,三十,san shi,30,,True,,False,DRBA 2026 calendar,
2026-08-13,Thu,七月,qi yue,7,7th month,False,初一,chu yi,1,29,False,new,False,DRBA 2026 calendar,
2026-08-14,Fri,七月,qi yue,7,7th month,False,初二,chu er,2,29,False,,False,DRBA 2026 calendar,
2026-08-15,Sat,七月,qi yue,7,7th month,False,初三,chu san,3,29,False,,False,DRBA 2026 calendar,
2026-08-16,Sun,七月,qi yue,7,7th month,False,初四,chu si,4,29,False,,False,DRBA 2026 calendar,
2026-08-17,Mon,七月,qi yue,7,7th month,False,初五,chu wu,5,29,False,,False,DRBA 2026 calendar,
2026-08-18,Tue,七月,qi yue,7,7th month,False,初六,chu liu,6,29,False,,False,DRBA 2026 calendar,
2026-08-19,Wed,七月,qi yue,7,7th month,False,初七,chu qi,7,29,False,,False,DRBA 2026 calendar,
2026-08-20,Thu,七月,qi yue,7,7th month,False,初八,chu ba,8,29,True,,False,DRBA 2026 calendar,
2026-08-21,Fri,七月,qi yue,7,7th month,False,初九,chu jiu,9,29,False,,False,DRBA 2026 calendar,
2026-08-22,Sat,七月,qi yue,7,7th month,False,初十,chu shi,10,29,False,,False,DRBA 2026 calendar,Monthly Memorial of Venerable Master Hua’s Entering Nirvana
2026-08-23,Sun,七月,qi yue,7,7th month,False,十一,shi yi,11,29,False,,False,DRBA 2026 calendar,Celebration of Ullambana (Observed)
2026-08-24,Mon,七月,qi yue,7,7th month,False,十二,shi er,12,29,False,,False,DRBA 2026 calendar,
2026-08-25,Tue,七月,qi yue,7,7th month,False,十三,shi san,13,29,False,,False,DRBA 2026 calendar,Great Strength Bodhisattva’s Birthday
2026-08-26,Wed,七月,qi yue,7,7th month,False,十四,shi si,14,29,True,,False,DRBA 2026 calendar,
2026-08-27,Thu,七月,qi yue,7,7th month,False,十五,shi wu,15,29,True,full,False,DRBA 2026 calendar,Ullambana (actual day)
2026-08-28,Fri,七月,qi yue,7,7th month,False,十六,shi liu,16,29,False,,False,DRBA 2026 calendar,
2026-08-29,Sat,七月,qi yue,7,7th month,False,十七,shi qi,17,29,False,,False,DRBA 2026 calendar,
2026-08-30,Sun,七月,qi yue,7,7th month,False,十八,shi ba,18,29,False,,False,DRBA 2026 calendar,
2026-08-31,Mon,七月,qi yue,7,7th month,False,十九,shi jiu,19,29,False,,False,DRBA 2026 calendar,
2026-09-01,Tue,七月,qi yue,7,7th month,False,二十,er shi,20,29,False,,False,DRBA 2026 calendar,
2026-09-02,Wed,七月,qi yue,7,7th month,False,廿一,nian yi,21,29,False,,False,DRBA 2026 calendar,Patriarch Pu An’s Birthday
2026-09-03,Thu,七月,qi yue,7,7th month,False,廿二,nian er,22,29,False,,False,DRBA 2026 calendar,
2026-09-04,Fri,七月,qi yue,7,7th month,False,廿三,nian san,23,29,True,,False,DRBA 2026 calendar,
2026-09-05,Sat,七月,qi yue,7,7th month,False,廿四,nian si,24,29,False,,False,DRBA 2026 calendar,Nagarjuna Bodhisattva’s Birthday
2026-09-06,Sun,七月,qi yue,7,7th month,False,廿五,nian wu,25,29,False,,False,DRBA 2026 calendar,Celebration of Earth Store Bodhisattva’s Birthday (Observed)
2026-09-07,Mon,七月,qi yue,7,7th month,False,廿六,nian liu,26,29,False,,False,DRBA 2026 calendar,Labor Day (no school)
2026-09-08,Tue,七月,qi yue,7,7th month,False,廿七,nian qi,27,29,False,,False,DRBA 2026 calendar,
2026-09-09,Wed,七月,qi yue,7,7th month,False,廿八,nian ba,28,29,True,,False,DRBA 2026 calendar,
2026-09-10,Thu,七月,qi yue,7,7th month,False,廿九,nian jiu,29,29,True,,False,DRBA 2026 calendar,Earth Store Bodhisattva’s Birthday ( actual day ) | Venerable Master Hsu Yun’s Birthday
2026-09-11,Fri,八月,ba yue,8,8th month,False,初一,chu yi,1,29,False,new,False,DRBA 2026 calendar,
2026-09-12,Sat,八月,ba yue,8,8th month,False,初二,chu er,2,29,False,,False,DRBA 2026 calendar,
2026-09-13,Sun,八月,ba yue,8,8th month,False,初三,chu san,3,29,False,,False,DRBA 2026 calendar,Venerable Sixth Patriarch’s Nirvana Day
2026-09-14,Mon,八月,ba yue,8,8th month,False,初四,chu si,4,29,False,,False,DRBA 2026 calendar,
2026-09-15,Tue,八月,ba yue,8,8th month,False,初五,chu wu,5,29,False,,False,DRBA 2026 calendar,
2026-09-16,Wed,八月,ba yue,8,8th month,False,初六,chu liu,6,29,False,,False,DRBA 2026 calendar,
2026-09-17,Thu,八月,ba yue,8,8th month,False,初七,chu qi,7,29,False,,False,DRBA 2026 calendar,
2026-09-18,Fri,八月,ba yue,8,8th month,False,初八,chu ba,8,29,True,,False,DRBA 2026 calendar,
2026-09-19,Sat,八月,ba yue,8,8th month,False,初九,chu jiu,9,29,False,,False,DRBA 2026 calendar,
2026-09-20,Sun,八月,ba yue,8,8th month,False,初十,chu shi,10,29,False,,False,DRBA 2026 calendar,Monthly Memorial of Venerable Master Hua’s Entering Nirvana
2026-09-21,Mon,八月,ba yue,8,8th month,False,十一,shi yi,11,29,False,,False,DRBA 2026 calendar,United Nations International Day of Peace
2026-09-22,Tue,八月,ba yue,8,8th month,False,十二,shi er,12,29,False,,False,DRBA 2026 calendar,
2026-09-23,Wed,八月,ba yue,8,8th month,False,十三,shi san,13,29,False,,False,DRBA 2026 calendar,Western / Chinese Autumnal Equinox
2026-09-24,Thu,八月,ba yue,8,8th month,False,十四,shi si,14,29,True,,False,DRBA 2026 calendar,
2026-09-25,Fri,八月,ba yue,8,8th month,False,十五,shi wu,15,29,True,full,False,DRBA 2026 calendar,Mid-Autumn Moon Festival ( begins at sundown)
2026-09-26,Sat,八月,ba yue,8,8th month,False,十六,shi liu,16,29,False,,False,DRBA 2026 calendar,
2026-09-27,Sun,八月,ba yue,8,8th month,False,十七,shi qi,17,29,False,,False,DRBA 2026 calendar,
2026-09-28,Mon,八月,ba yue,8,8th month,False,十八,shi ba,18,29,False,,False,DRBA 2026 calendar,Confucius’ Birthday
2026-09-29,Tue,八月,ba yue,8,8th month,False,十九,shi jiu,19,29,False,,False,DRBA 2026 calendar,
2026-09-30,Wed,八月,ba yue,8,8th month,False,二十,er shi,20,29,False,,False,DRBA 2026 calendar,
2026-10-01,Thu,八月,ba yue,8,8th month,False,廿一,nian yi,21,29,False,,False,DRBA 2026 calendar,
2026-10-02,Fri,八月,ba yue,8,8th month,False,廿二,nian er,22,29,False,,False,DRBA 2026 calendar,Burning Lamp Buddha of Antiquity’s Birthday
2026-10-03,Sat,八月,ba yue,8,8th month,False,廿三,nian san,23,29,True,,False,DRBA 2026 calendar,
2026-10-04,Sun,八月,ba yue,8,8th month,False,廿四,nian si,24,29,False,,False,DRBA 2026 calendar,
2026-10-05,Mon,八月,ba yue,8,8th month,False,廿五,nian wu,25,29,False,,False,DRBA 2026 calendar,
2026-10-06,Tue,八月,ba yue,8,8th month,False,廿六,nian liu,26,29,False,,False,DRBA 2026 calendar,
2026-10-07,Wed,八月,ba yue,8,8th month,False,廿七,nian qi,27,29,False,,False,DRBA 2026 calendar,
2026-10-08,Thu,八月,ba yue,8,8th month,False,廿八,nian ba,28,29,True,,False,DRBA 2026 calendar,
2026-10-09,Fri,八月,ba yue,8,8th month,False,廿九,nian jiu,29,29,True,,False,DRBA 2026 calendar,
2026-10-10,Sat,九月,jiu yue,9,9th month,False,初一,chu yi,1,30,False,new,True,DRBA 2026 calendar,
2026-10-11,Sun,九月,jiu yue,9,9th month,False,初二,chu er,2,30,False,,True,DRBA 2026 calendar,
2026-10-12,Mon,九月,jiu yue,9,9th month,False,初三,chu san,3,30,False,,True,DRBA 2026 calendar,
2026-10-13,Tue,九月,jiu yue,9,9th month,False,初四,chu si,4,30,False,,True,DRBA 2026 calendar,
2026-10-14,Wed,九月,jiu yue,9,9th month,False,初五,chu wu,5,30,False,,True,DRBA 2026 calendar,
2026-10-15,Thu,九月,jiu yue,9,9th month,False,初六,chu liu,6,30,False,,True,DRBA 2026 calendar,
2026-10-16,Fri,九月,jiu yue,9,9th month,False,初七,chu qi,7,30,False,,True,DRBA 2026 calendar,
2026-10-17,Sat,九月,jiu yue,9,9th month,False,初八,chu ba,8,30,True,,True,DRBA 2026 calendar,
2026-10-18,Sun,九月,jiu yue,9,9th month,False,初九,chu jiu,9,30,False,,True,DRBA 2026 calendar,
2026-10-19,Mon,九月,jiu yue,9,9th month,False,初十,chu shi,10,30,False,,True,DRBA 2026 calendar,Monthly Memorial of Venerable Master Hua’s Entering Nirvana
2026-10-20,Tue,九月,jiu yue,9,9th month,False,十一,shi yi,11,30,False,,True,DRBA 2026 calendar,
2026-10-21,Wed,九月,jiu yue,9,9th month,False,十二,shi er,12,30,False,,True,DRBA 2026 calendar,Ven.Master Hsu Yun’s Nirvana Day
2026-10-22,Thu,九月,jiu yue,9,9th month,False,十三,shi san,13,30,False,,True,DRBA 2026 calendar,
2026-10-23,Fri,九月,jiu yue,9,9th month,False,十四,shi si,14,30,True,,True,DRBA 2026 calendar,
2026-10-24,Sat,九月,jiu yue,9,9th month,False,十五,shi wu,15,30,True,full,True,DRBA 2026 calendar,"Great Master Chang Ren’s Leaving Home Day
United Nations Day"
2026-10-25,Sun,九月,jiu yue,9,9th month,False,十六,shi liu,16,30,False,,True,DRBA 2026 calendar,Ven. Master Hua’s Leaving Home Day | Celebration of Guan Yin Bodhisattva’s Leaving Home
2026-10-26,Mon,九月,jiu yue,9,9th month,False,十七,shi qi,17,30,False,,True,DRBA 2026 calendar,Great Master Chang Jr’s Enlightenment Day
2026-10-27,Tue,九月,jiu yue,9,9th month,False,十八,shi ba,18,30,False,,True,DRBA 2026 calendar,
2026-10-28,Wed,九月,jiu yue,9,9th month,False,十九,shi jiu,19,30,False,,True,DRBA 2026 calendar,Guan Yin Bodhisattva’s Leaving Home (actual day)
2026-10-29,Thu,九月,jiu yue,9,9th month,False,二十,er shi,20,30,False,,True,DRBA 2026 calendar,
2026-10-30,Fri,九月,jiu yue,9,9th month,False,廿一,nian yi,21,30,False,,True,DRBA 2026 calendar,
2026-10-31,Sat,九月,jiu yue,9,9th month,False,廿二,nian er,22,30,False,,True,DRBA 2026 calendar,
2026-11-01,Sun,九月,jiu yue,9,9th month,False,廿三,nian san,23,30,True,,True,DRBA 2026 calendar,Return to Standard Time at 2:00 AM
2026-11-02,Mon,九月,jiu yue,9,9th month,False,廿四,nian si,24,30,False,,True,DRBA 2026 calendar,
2026-11-03,Tue,九月,jiu yue,9,9th month,False,廿五,nian wu,25,30,False,,True,DRBA 2026 calendar,Election Day (US)
2026-11-04,Wed,九月,jiu yue,9,9th month,False,廿六,nian liu,26,30,False,,True,DRBA 2026 calendar,
2026-11-05,Thu,九月,jiu yue,9,9th month,False,廿七,nian qi,27,30,False,,True,DRBA 2026 calendar,
2026-11-06,Fri,九月,jiu yue,9,9th month,False,廿八,nian ba,28,30,False,,True,DRBA 2026 calendar,
2026-11-07,Sat,九月,jiu yue,9,9th month,False,廿九,nian jiu,29,30,True,,True,DRBA 2026 calendar,
2026-11-08,Sun,九月,jiu yue,9,9th month,False,三十,san shi,30,30,True,,True,DRBA 2026 calendar,Medicine Master Buddha’s Birthday
2026-11-09,Mon,十月,shi yue,10,10th month,False,初一,chu yi,1,30,False,new,False,DRBA 2026 calendar,
2026-11-10,Tue,十月,shi yue,10,10th month,False,初二,chu er,2,30,False,,False,DRBA 2026 calendar,
2026-11-11,Wed,十月,shi yue,10,10th month,False,初三,chu san,3,30,False,,False,DRBA 2026 calendar,DRBA Annual Sangha Meeting
2026-11-12,Thu,十月,shi yue,10,10th month,False,初四,chu si,4,30,False,,False,DRBA 2026 calendar,
2026-11-13,Fri,十月,shi yue,10,10th month,False,初五,chu wu,5,30,False,,False,DRBA 2026 calendar,Venerable First Patriarch Bodhidharma’s Birthday
2026-11-14,Sat,十月,shi yue,10,10th month,False,初六,chu liu,6,30,False,,False,DRBA 2026 calendar,
2026-11-15,Sun,十月,shi yue,10,10th month,False,初七,chu qi,7,30,False,,False,DRBA 2026 calendar,
2026-11-16,Mon,十月,shi yue,10,10th month,False,初八,chu ba,8,30,True,,False,DRBA 2026 calendar,
2026-11-17,Tue,十月,shi yue,10,10th month,False,初九,chu jiu,9,30,False,,False,DRBA 2026 calendar,
2026-11-18,Wed,十月,shi yue,10,10th month,False,初十,chu shi,10,30,False,,False,DRBA 2026 calendar,Monthly Memorial of Venerable Master Hua’s Entering Nirvana
2026-11-19,Thu,十月,shi yue,10,10th month,False,十一,shi yi,11,30,False,,False,DRBA 2026 calendar,
2026-11-20,Fri,十月,shi yue,10,10th month,False,十二,shi er,12,30,False,,False,DRBA 2026 calendar,
2026-11-21,Sat,十月,shi yue,10,10th month,False,十三,shi san,13,30,False,,False,DRBA 2026 calendar,
2026-11-22,Sun,十月,shi yue,10,10th month,False,十四,shi si,14,30,True,,False,DRBA 2026 calendar,
2026-11-23,Mon,十月,shi yue,10,10th month,False,十五,shi wu,15,30,True,full,False,DRBA 2026 calendar,
2026-11-24,Tue,十月,shi yue,10,10th month,False,十六,shi liu,16,30,False,,False,DRBA 2026 calendar,
2026-11-25,Wed,十月,shi yue,10,10th month,False,十七,shi qi,17,30,False,,False,DRBA 2026 calendar,
2026-11-26,Thu,十月,shi yue,10,10th month,False,十八,shi ba,18,30,False,,False,DRBA 2026 calendar,Thanksgiving Day (no school)
2026-11-27,Fri,十月,shi yue,10,10th month,False,十九,shi jiu,19,30,False,,False,DRBA 2026 calendar,
2026-11-28,Sat,十月,shi yue,10,10th month,False,二十,er shi,20,30,False,,False,DRBA 2026 calendar,
2026-11-29,Sun,十月,shi yue,10,10th month,False,廿一,nian yi,21,30,False,,False,DRBA 2026 calendar,
2026-11-30,Mon,十月,shi yue,10,10th month,False,廿二,nian er,22,30,False,,False,DRBA 2026 calendar,
2026-12-01,Tue,十月,shi yue,10,10th month,False,廿三,nian san,23,30,True,,False,DRBA 2026 calendar,
2026-12-02,Wed,十月,shi yue,10,10th month,False,廿四,nian si,24,30,False,,False,DRBA 2026 calendar,
2026-12-03,Thu,十月,shi yue,10,10th month,False,廿五,nian wu,25,30,False,,False,DRBA 2026 calendar,
2026-12-04,Fri,十月,shi yue,10,10th month,False,廿六,nian liu,26,30,False,,False,DRBA 2026 calendar,
2026-12-05,Sat,十月,shi yue,10,10th month,False,廿七,nian qi,27,30,False,,False,DRBA 2026 calendar,
2026-12-06,Sun,十月,shi yue,10,10th month,False,廿八,nian ba,28,30,False,,False,DRBA 2026 calendar,
2026-12-07,Mon,十月,shi yue,10,10th month,False,廿九,nian jiu,29,30,True,,False,DRBA 2026 calendar,
2026-12-08,Tue,十月,shi yue,10,10th month,False,三十,san shi,30,30,True,,False,DRBA 2026 calendar,
2026-12-09,Wed,十一月,shi yi yue,11,11th month,False,初一,chu yi,1,30,False,new,False,DRBA 2026 calendar,
2026-12-10,Thu,十一月,shi yi yue,11,11th month,False,初二,chu er,2,30,False,,False,DRBA 2026 calendar,
2026-12-11,Fri,十一月,shi yi yue,11,11th month,False,初三,chu san,3,30,False,,False,DRBA 2026 calendar,
2026-12-12,Sat,十一月,shi yi yue,11,11th month,False,初四,chu si,4,30,False,,False,DRBA 2026 calendar,
2026-12-13,Sun,十一月,shi yi yue,11,11th month,False,初五,chu wu,5,30,False,,False,DRBA 2026 calendar,
2026-12-14,Mon,十一月,shi yi yue,11,11th month,False,初六,chu liu,6,30,False,,False,DRBA 2026 calendar,
2026-12-15,Tue,十一月,shi yi yue,11,11th month,False,初七,chu qi,7,30,False,,False,DRBA 2026 calendar,
2026-12-16,Wed,十一月,shi yi yue,11,11th month,False,初八,chu ba,8,30,True,,False,DRBA 2026 calendar,
2026-12-17,Thu,十一月,shi yi yue,11,11th month,False,初九,chu jiu,9,30,False,,False,DRBA 2026 calendar,
2026-12-18,Fri,十一月,shi yi yue,11,11th month,False,初十,chu shi,10,30,False,,False,DRBA 2026 calendar,Monthly Memorial of Venerable Master Hua’s Entering Nirvana
2026-12-19,Sat,十一月,shi yi yue,11,11th month,False,十一,shi yi,11,30,False,,False,DRBA 2026 calendar,
2026-12-20,Sun,十一月,shi yi yue,11,11th month,False,十二,shi er,12,30,False,,False,DRBA 2026 calendar,Celebration of Amitabha Buddha’s Birthday (Observed)
2026-12-21,Mon,十一月,shi yi yue,11,11th month,False,十三,shi san,13,30,False,,False,DRBA 2026 calendar,Western Winter Solstice
2026-12-22,Tue,十一月,shi yi yue,11,11th month,False,十四,shi si,14,30,True,,False,DRBA 2026 calendar,Chinese Winter Solstice
2026-12-23,Wed,十一月,shi yi yue,11,11th month,False,十五,shi wu,15,30,True,full,False,DRBA 2026 calendar,
2026-12-24,Thu,十一月,shi yi yue,11,11th month,False,十六,shi liu,16,30,False,,False,DRBA 2026 calendar,Christmas Eve
2026-12-25,Fri,十一月,shi yi yue,11,11th month,False,十七,shi qi,17,30,False,,False,DRBA 2026 calendar,"Amitabha Buddha’s Birthday (actual day)
Christmas Day"
2026-12-26,Sat,十一月,shi yi yue,11,11th month,False,十八,shi ba,18,30,False,,False,DRBA 2026 calendar,
2026-12-27,Sun,十一月,shi yi yue,11,11th month,False,十九,shi jiu,19,30,False,,False,DRBA 2026 calendar,
2026-12-28,Mon,十一月,shi yi yue,11,11th month,False,二十,er shi,20,30,False,,False,DRBA 2026 calendar,
2026-12-29,Tue,十一月,shi yi yue,11,11th month,False,廿一,nian yi,21,30,False,,False,DRBA 2026 calendar,
2026-12-30,Wed,十一月,shi yi yue,11,11th month,False,廿二,nian er,22,30,False,,False,DRBA 2026 calendar,
2026-12-31,Thu,十一月,shi yi yue,11,11th month,False,廿三,nian san,23,30,True,,False,DRBA 2026 calendar,
2027-01-01,Fri,十一月,shi yi yue,11,11th month,False,廿四,nian si,24,30,False,,False,DRBA 2026 calendar,
2027-01-02,Sat,十一月,shi yi yue,11,11th month,False,廿五,nian wu,25,30,False,,False,DRBA 2026 calendar,
2027-01-03,Sun,十一月,shi yi yue,11,11th month,False,廿六,nian liu,26,30,False,,False,DRBA 2026 calendar,
2027-01-04,Mon,十一月,shi yi yue,11,11th month,False,廿七,nian qi,27,30,False,,False,DRBA 2026 calendar,
2027-01-05,Tue,十一月,shi yi yue,11,11th month,False,廿八,nian ba,28,30,False,,False,DRBA 2026 calendar,
2027-01-06,Wed,十一月,shi yi yue,11,11th month,False,廿九,nian jiu,29,30,True,,False,DRBA 2026 calendar,
2027-01-07,Thu,十一月,shi yi yue,11,11th month,False,三十,san shi,30,30,True,,False,DRBA 2026 calendar,
2027-01-08,Fri,十二月,shi er yue,12,12th month,False,初一,chu yi,1,29,False,new,False,DRBA 2026 calendar,
2027-01-09,Sat,十二月,shi er yue,12,12th month,False,初二,chu er,2,29,False,,False,DRBA 2026 calendar,
2027-01-10,Sun,十二月,shi er yue,12,12th month,False,初三,chu san,3,29,False,,False,DRBA 2026 calendar,
2027-01-11,Mon,十二月,shi er yue,12,12th month,False,初四,chu si,4,29,False,,False,DRBA 2026 calendar,
2027-01-12,Tue,十二月,shi er yue,12,12th month,False,初五,chu wu,5,29,False,,False,DRBA 2026 calendar,
2027-01-13,Wed,十二月,shi er yue,12,12th month,False,初六,chu liu,6,29,False,,False,DRBA 2026 calendar,
2027-01-14,Thu,十二月,shi er yue,12,12th month,False,初七,chu qi,7,29,False,,False,DRBA 2026 calendar,
2027-01-15,Fri,十二月,shi er yue,12,12th month,False,初八,chu ba,8,29,True,,False,DRBA 2026 calendar,Anniversary of Shakyamuni Buddha’s Enlightenment
2027-01-16,Sat,十二月,shi er yue,12,12th month,False,初九,chu jiu,9,29,False,,False,DRBA 2026 calendar,Chan Meditation
2027-01-17,Sun,十二月,shi er yue,12,12th month,False,初十,chu shi,10,29,False,,False,DRBA 2026 calendar,Monthly Memorial of Venerable Master Hua’s Entering Nirvana
2027-01-18,Mon,十二月,shi er yue,12,12th month,False,十一,shi yi,11,29,False,,False,DRBA 2026 calendar,Martin Luther King Jr. Day (no school)
2027-01-19,Tue,十二月,shi er yue,12,12th month,False,十二,shi er,12,29,False,,False,DRBA 2026 calendar,
2027-01-20,Wed,十二月,shi er yue,12,12th month,False,十三,shi san,13,29,False,,False,DRBA 2026 calendar,
2027-01-21,Thu,十二月,shi er yue,12,12th month,False,十四,shi si,14,29,True,,False,DRBA 2026 calendar,
2027-01-22,Fri,十二月,shi er yue,12,12th month,False,十五,shi wu,15,29,True,full,False,DRBA 2026 calendar,
2027-01-23,Sat,十二月,shi er yue,12,12th month,False,十六,shi liu,16,29,False,,False,DRBA 2026 calendar,
2027-01-24,Sun,十二月,shi er yue,12,12th month,False,十七,shi qi,17,29,False,,False,DRBA 2026 calendar,
2027-01-25,Mon,十二月,shi er yue,12,12th month,False,十八,shi ba,18,29,False,,False,DRBA 2026 calendar,
2027-01-26,Tue,十二月,shi er yue,12,12th month,False,十九,shi jiu,19,29,False,,False,DRBA 2026 calendar,
2027-01-27,Wed,十二月,shi er yue,12,12th month,False,二十,er shi,20,29,False,,False,DRBA 2026 calendar,
2027-01-28,Thu,十二月,shi er yue,12,12th month,False,廿一,nian yi,21,29,False,,False,DRBA 2026 calendar,
2027-01-29,Fri,十二月,shi er yue,12,12th month,False,廿二,nian er,22,29,False,,False,DRBA 2026 calendar,
2027-01-30,Sat,十二月,shi er yue,12,12th month,False,廿三,nian san,23,29,True,,False,DRBA 2026 calendar,
2027-01-31,Sun,十二月,shi er yue,12,12th month,False,廿四,nian si,24,29,False,,False,DRBA 2026 calendar,
2027-02-01,Mon,十二月,shi er yue,12,12th month,False,廿五,nian wu,25,29,False,,False,HKO tables,
2027-02-02,Tue,十二月,shi er yue,12,12th month,False,廿六,nian liu,26,29,False,,False,HKO tables,
2027-02-03,Wed,十二月,shi er yue,12,12th month,False,廿七,nian qi,27,29,False,,False,HKO tables,
2027-02-04,Thu,十二月,shi er yue,12,12th month,False,廿八,nian ba,28,29,True,,False,HKO tables,
2027-02-05,Fri,十二月,shi er yue,12,12th month,False,廿九,nian jiu,29,29,True,,False,HKO tables,
2027-02-06,Sat,正月,zheng yue,1,1st month,False,初一,chu yi,1,30,False,new,True,HKO tables,
2027-02-07,Sun,正月,zheng yue,1,1st month,False,初二,chu er,2,30,False,,True,HKO tables,
2027-02-08,Mon,正月,zheng yue,1,1st month,False,初三,chu san,3,30,False,,True,HKO tables,
2027-02-09,Tue,正月,zheng yue,1,1st month,False,初四,chu si,4,30,False,,True,HKO tables,
2027-02-10,Wed,正月,zheng yue,1,1st month,False,初五,chu wu,5,30,False,,True,HKO tables,
2027-02-11,Thu,正月,zheng yue,1,1st month,False,初六,chu liu,6,30,False,,True,HKO tables,
2027-02-12,Fri,正月,zheng yue,1,1st month,False,初七,chu qi,7,30,False,,True,HKO tables,
2027-02-13,Sat,正月,zheng yue,1,1st month,False,初八,chu ba,8,30,True,,True,HKO tables,
2027-02-14,Sun,正月,zheng yue,1,1st month,False,初九,chu jiu,9,30,False,,True,HKO tables,
2027-02-15,Mon,正月,zheng yue,1,1st month,False,初十,chu shi,10,30,False,,True,HKO tables,
2027-02-16,Tue,正月,zheng yue,1,1st month,False,十一,shi yi,11,30,False,,True,HKO tables,
2027-02-17,Wed,正月,zheng yue,1,1st month,False,十二,shi er,12,30,False,,True,HKO tables,
2027-02-18,Thu,正月,zheng yue,1,1st month,False,十三,shi san,13,30,False,,True,HKO tables,
2027-02-19,Fri,正月,zheng yue,1,1st month,False,十四,shi si,14,30,True,,True,HKO tables,
2027-02-20,Sat,正月,zheng yue,1,1st month,False,十五,shi wu,15,30,True,full,True,HKO tables,
2027-02-21,Sun,正月,zheng yue,1,1st month,False,十六,shi liu,16,30,False,,True,HKO tables,
2027-02-22,Mon,正月,zheng yue,1,1st month,False,十七,shi qi,17,30,False,,True,HKO tables,
2027-02-23,Tue,正月,zheng yue,1,1st month,False,十八,shi ba,18,30,False,,True,HKO tables,
2027-02-24,Wed,正月,zheng yue,1,1st month,False,十九,shi jiu,19,30,False,,True,HKO tables,
2027-02-25,Thu,正月,zheng yue,1,1st month,False,二十,er shi,20,30,False,,True,HKO tables,
2027-02-26,Fri,正月,zheng yue,1,1st month,False,廿一,nian yi,21,30,False,,True,HKO tables,
2027-02-27,Sat,正月,zheng yue,1,1st month,False,廿二,nian er,22,30,False,,True,HKO tables,
2027-02-28,Sun,正月,zheng yue,1,1st month,False,廿三,nian san,23,30,True,,True,HKO tables,
2027-03-01,Mon,正月,zheng yue,1,1st month,False,廿四,nian si,24,30,False,,True,HKO tables,
2027-03-02,Tue,正月,zheng yue,1,1st month,False,廿五,nian wu,25,30,False,,True,HKO tables,
2027-03-03,Wed,正月,zheng yue,1,1st month,False,廿六,nian liu,26,30,False,,True,HKO tables,
2027-03-04,Thu,正月,zheng yue,1,1st month,False,廿七,nian qi,27,30,False,,True,HKO tables,
2027-03-05,Fri,正月,zheng yue,1,1st month,False,廿八,nian ba,28,30,False,,True,HKO tables,
2027-03-06,Sat,正月,zheng yue,1,1st month,False,廿九,nian jiu,29,30,True,,True,HKO tables,
2027-03-07,Sun,正月,zheng yue,1,1st month,False,三十,san shi,30,30,True,,True,HKO tables,
2027-03-08,Mon,二月,er yue,2,2nd month,False,初一,chu yi,1,30,False,new,False,HKO tables,
2027-03-09,Tue,二月,er yue,2,2nd month,False,初二,chu er,2,30,False,,False,HKO tables,
2027-03-10,Wed,二月,er yue,2,2nd month,False,初三,chu san,3,30,False,,False,HKO tables,
2027-03-11,Thu,二月,er yue,2,2nd month,False,初四,chu si,4,30,False,,False,HKO tables,
2027-03-12,Fri,二月,er yue,2,2nd month,False,初五,chu wu,5,30,False,,False,HKO tables,
2027-03-13,Sat,二月,er yue,2,2nd month,False,初六,chu liu,6,30,False,,False,HKO tables,
2027-03-14,Sun,二月,er yue,2,2nd month,False,初七,chu qi,7,30,False,,False,HKO tables,
2027-03-15,Mon,二月,er yue,2,2nd month,False,初八,chu ba,8,30,True,,False,HKO tables,
2027-03-16,Tue,二月,er yue,2,2nd month,False,初九,chu jiu,9,30,False,,False,HKO tables,
2027-03-17,Wed,二月,er yue,2,2nd month,False,初十,chu shi,10,30,False,,False,HKO tables,
2027-03-18,Thu,二月,er yue,2,2nd month,False,十一,shi yi,11,30,False,,False,HKO tables,
2027-03-19,Fri,二月,er yue,2,2nd month,False,十二,shi er,12,30,False,,False,HKO tables,
2027-03-20,Sat,二月,er yue,2,2nd month,False,十三,shi san,13,30,False,,False,HKO tables,
2027-03-21,Sun,二月,er yue,2,2nd month,False,十四,shi si,14,30,True,,False,HKO tables,
2027-03-22,Mon,二月,er yue,2,2nd month,False,十五,shi wu,15,30,True,full,False,HKO tables,
2027-03-23,Tue,二月,er yue,2,2nd month,False,十六,shi liu,16,30,False,,False,HKO tables,
2027-03-24,Wed,二月,er yue,2,2nd month,False,十七,shi qi,17,30,False,,False,HKO tables,
2027-03-25,Thu,二月,er yue,2,2nd month,False,十八,shi ba,18,30,False,,False,HKO tables,
2027-03-26,Fri,二月,er yue,2,2nd month,False,十九,shi jiu,19,30,False,,False,HKO tables,
2027-03-27,Sat,二月,er yue,2,2nd month,False,二十,er shi,20,30,False,,False,HKO tables,
2027-03-28,Sun,二月,er yue,2,2nd month,False,廿一,nian yi,21,30,False,,False,HKO tables,
2027-03-29,Mon,二月,er yue,2,2nd month,False,廿二,nian er,22,30,False,,False,HKO tables,
2027-03-30,Tue,二月,er yue,2,2nd month,False,廿三,nian san,23,30,True,,False,HKO tables,
2027-03-31,Wed,二月,er yue,2,2nd month,False,廿四,nian si,24,30,False,,False,HKO tables,
2027-04-01,Thu,二月,er yue,2,2nd month,False,廿五,nian wu,25,30,False,,False,HKO tables,
2027-04-02,Fri,二月,er yue,2,2nd month,False,廿六,nian liu,26,30,False,,False,HKO tables,
2027-04-03,Sat,二月,er yue,2,2nd month,False,廿七,nian qi,27,30,False,,False,HKO tables,
2027-04-04,Sun,二月,er yue,2,2nd month,False,廿八,nian ba,28,30,False,,False,HKO tables,
2027-04-05,Mon,二月,er yue,2,2nd month,False,廿九,nian jiu,29,30,True,,False,HKO tables,
2027-04-06,Tue,二月,er yue,2,2nd month,False,三十,san shi,30,30,True,,False,HKO tables,
2027-04-07,Wed,三月,san yue,3,3rd month,False,初一,chu yi,1,29,False,new,False,HKO tables,
2027-04-08,Thu,三月,san yue,3,3rd month,False,初二,chu er,2,29,False,,False,HKO tables,
2027-04-09,Fri,三月,san yue,3,3rd month,False,初三,chu san,3,29,False,,False,HKO tables,
2027-04-10,Sat,三月,san yue,3,3rd month,False,初四,chu si,4,29,False,,False,HKO tables,
2027-04-11,Sun,三月,san yue,3,3rd month,False,初五,chu wu,5,29,False,,False,HKO tables,
2027-04-12,Mon,三月,san yue,3,3rd month,False,初六,chu liu,6,29,False,,False,HKO tables,
2027-04-13,Tue,三月,san yue,3,3rd month,False,初七,chu qi,7,29,False,,False,HKO tables,
2027-04-14,Wed,三月,san yue,3,3rd month,False,初八,chu ba,8,29,True,,False,HKO tables,
2027-04-15,Thu,三月,san yue,3,3rd month,False,初九,chu jiu,9,29,False,,False,HKO tables,
2027-04-16,Fri,三月,san yue,3,3rd month,False,初十,chu shi,10,29,False,,False,HKO tables,
2027-04-17,Sat,三月,san yue,3,3rd month,False,十一,shi yi,11,29,False,,False,HKO tables,
2027-04-18,Sun,三月,san yue,3,3rd month,False,十二,shi er,12,29,False,,False,HKO tables,
2027-04-19,Mon,三月,san yue,3,3rd month,False,十三,shi san,13,29,False,,False,HKO tables,
2027-04-20,Tue,三月,san yue,3,3rd month,False,十四,shi si,14,29,True,,False,HKO tables,
2027-04-21,Wed,三月,san yue,3,3rd month,False,十五,shi wu,15,29,True,full,False,HKO tables,
2027-04-22,Thu,三月,san yue,3,3rd month,False,十六,shi liu,16,29,False,,False,HKO tables,
2027-04-23,Fri,三月,san yue,3,3rd month,False,十七,shi qi,17,29,False,,False,HKO tables,
2027-04-24,Sat,三月,san yue,3,3rd month,False,十八,shi ba,18,29,False,,False,HKO tables,
2027-04-25,Sun,三月,san yue,3,3rd month,False,十九,shi jiu,19,29,False,,False,HKO tables,
2027-04-26,Mon,三月,san yue,3,3rd month,False,二十,er shi,20,29,False,,False,HKO tables,
2027-04-27,Tue,三月,san yue,3,3rd month,False,廿一,nian yi,21,29,False,,False,HKO tables,
2027-04-28,Wed,三月,san yue,3,3rd month,False,廿二,nian er,22,29,False,,False,HKO tables,
2027-04-29,Thu,三月,san yue,3,3rd month,False,廿三,nian san,23,29,True,,False,HKO tables,
2027-04-30,Fri,三月,san yue,3,3rd month,False,廿四,nian si,24,29,False,,False,HKO tables,
2027-05-01,Sat,三月,san yue,3,3rd month,False,廿五,nian wu,25,29,False,,False,HKO tables,
2027-05-02,Sun,三月,san yue,3,3rd month,False,廿六,nian liu,26,29,False,,False,HKO tables,
2027-05-03,Mon,三月,san yue,3,3rd month,False,廿七,nian qi,27,29,False,,False,HKO tables,
2027-05-04,Tue,三月,san yue,3,3rd month,False,廿八,nian ba,28,29,True,,False,HKO tables,
2027-05-05,Wed,三月,san yue,3,3rd month,False,廿九,nian jiu,29,29,True,,False,HKO tables,
2027-05-06,Thu,四月,si yue,4,4th month,False,初一,chu yi,1,30,False,new,False,HKO tables,
2027-05-07,Fri,四月,si yue,4,4th month,False,初二,chu er,2,30,False,,False,HKO tables,
2027-05-08,Sat,四月,si yue,4,4th month,False,初三,chu san,3,30,False,,False,HKO tables,
2027-05-09,Sun,四月,si yue,4,4th month,False,初四,chu si,4,30,False,,False,HKO tables,
2027-05-10,Mon,四月,si yue,4,4th month,False,初五,chu wu,5,30,False,,False,HKO tables,
2027-05-11,Tue,四月,si yue,4,4th month,False,初六,chu liu,6,30,False,,False,HKO tables,
2027-05-12,Wed,四月,si yue,4,4th month,False,初七,chu qi,7,30,False,,False,HKO tables,
2027-05-13,Thu,四月,si yue,4,4th month,False,初八,chu ba,8,30,True,,False,HKO tables,
2027-05-14,Fri,四月,si yue,4,4th month,False,初九,chu jiu,9,30,False,,False,HKO tables,
2027-05-15,Sat,四月,si yue,4,4th month,False,初十,chu shi,10,30,False,,False,HKO tables,
2027-05-16,Sun,四月,si yue,4,4th month,False,十一,shi yi,11,30,False,,False,HKO tables,
2027-05-17,Mon,四月,si yue,4,4th month,False,十二,shi er,12,30,False,,False,HKO tables,
2027-05-18,Tue,四月,si yue,4,4th month,False,十三,shi san,13,30,False,,False,HKO tables,
2027-05-19,Wed,四月,si yue,4,4th month,False,十四,shi si,14,30,True,,False,HKO tables,
2027-05-20,Thu,四月,si yue,4,4th month,False,十五,shi wu,15,30,True,full,False,HKO tables,
2027-05-21,Fri,四月,si yue,4,4th month,False,十六,shi liu,16,30,False,,False,HKO tables,
2027-05-22,Sat,四月,si yue,4,4th month,False,十七,shi qi,17,30,False,,False,HKO tables,
2027-05-23,Sun,四月,si yue,4,4th month,False,十八,shi ba,18,30,False,,False,HKO tables,
2027-05-24,Mon,四月,si yue,4,4th month,False,十九,shi jiu,19,30,False,,False,HKO tables,
2027-05-25,Tue,四月,si yue,4,4th month,False,二十,er shi,20,30,False,,False,HKO tables,
2027-05-26,Wed,四月,si yue,4,4th month,False,廿一,nian yi,21,30,False,,False,HKO tables,
2027-05-27,Thu,四月,si yue,4,4th month,False,廿二,nian er,22,30,False,,False,HKO tables,
2027-05-28,Fri,四月,si yue,4,4th month,False,廿三,nian san,23,30,True,,False,HKO tables,
2027-05-29,Sat,四月,si yue,4,4th month,False,廿四,nian si,24,30,False,,False,HKO tables,
2027-05-30,Sun,四月,si yue,4,4th month,False,廿五,nian wu,25,30,False,,False,HKO tables,
2027-05-31,Mon,四月,si yue,4,4th month,False,廿六,nian liu,26,30,False,,False,HKO tables,
2027-06-01,Tue,四月,si yue,4,4th month,False,廿七,nian qi,27,30,False,,False,HKO tables,
2027-06-02,Wed,四月,si yue,4,4th month,False,廿八,nian ba,28,30,False,,False,HKO tables,
2027-06-03,Thu,四月,si yue,4,4th month,False,廿九,nian jiu,29,30,True,,False,HKO tables,
2027-06-04,Fri,四月,si yue,4,4th month,False,三十,san shi,30,30,True,,False,HKO tables,
2027-06-05,Sat,五月,wu yue,5,5th month,False,初一,chu yi,1,29,False,new,True,HKO tables,
2027-06-06,Sun,五月,wu yue,5,5th month,False,初二,chu er,2,29,False,,True,HKO tables,
2027-06-07,Mon,五月,wu yue,5,5th month,False,初三,chu san,3,29,False,,True,HKO tables,
2027-06-08,Tue,五月,wu yue,5,5th month,False,初四,chu si,4,29,False,,True,HKO tables,
2027-06-09,Wed,五月,wu yue,5,5th month,False,初五,chu wu,5,29,False,,True,HKO tables,
2027-06-10,Thu,五月,wu yue,5,5th month,False,初六,chu liu,6,29,False,,True,HKO tables,
2027-06-11,Fri,五月,wu yue,5,5th month,False,初七,chu qi,7,29,False,,True,HKO tables,
2027-06-12,Sat,五月,wu yue,5,5th month,False,初八,chu ba,8,29,True,,True,HKO tables,
2027-06-13,Sun,五月,wu yue,5,5th month,False,初九,chu jiu,9,29,False,,True,HKO tables,
2027-06-14,Mon,五月,wu yue,5,5th month,False,初十,chu shi,10,29,False,,True,HKO tables,
2027-06-15,Tue,五月,wu yue,5,5th month,False,十一,shi yi,11,29,False,,True,HKO tables,
2027-06-16,Wed,五月,wu yue,5,5th month,False,十二,shi er,12,29,False,,True,HKO tables,
2027-06-17,Thu,五月,wu yue,5,5th month,False,十三,shi san,13,29,False,,True,HKO tables,
2027-06-18,Fri,五月,wu yue,5,5th month,False,十四,shi si,14,29,True,,True,HKO tables,
2027-06-19,Sat,五月,wu yue,5,5th month,False,十五,shi wu,15,29,True,full,True,HKO tables,
2027-06-20,Sun,五月,wu yue,5,5th month,False,十六,shi liu,16,29,False,,True,HKO tables,
2027-06-21,Mon,五月,wu yue,5,5th month,False,十七,shi qi,17,29,False,,True,HKO tables,
2027-06-22,Tue,五月,wu yue,5,5th month,False,十八,shi ba,18,29,False,,True,HKO tables,
2027-06-23,Wed,五月,wu yue,5,5th month,False,十九,shi jiu,19,29,False,,True,HKO tables,
2027-06-24,Thu,五月,wu yue,5,5th month,False,二十,er shi,20,29,False,,True,HKO tables,
2027-06-25,Fri,五月,wu yue,5,5th month,False,廿一,nian yi,21,29,False,,True,HKO tables,
2027-06-26,Sat,五月,wu yue,5,5th month,False,廿二,nian er,22,29,False,,True,HKO tables,
2027-06-27,Sun,五月,wu yue,5,5th month,False,廿三,nian san,23,29,True,,True,HKO tables,
2027-06-28,Mon,五月,wu yue,5,5th month,False,廿四,nian si,24,29,False,,True,HKO tables,
2027-06-29,Tue,五月,wu yue,5,5th month,False,廿五,nian wu,25,29,False,,True,HKO tables,
2027-06-30,Wed,五月,wu yue,5,5th month,False,廿六,nian liu,26,29,False,,True,HKO tables,
2027-07-01,Thu,五月,wu yue,5,5th month,False,廿七,nian qi,27,29,False,,True,HKO tables,
2027-07-02,Fri,五月,wu yue,5,5th month,False,廿八,nian ba,28,29,True,,True,HKO tables,
2027-07-03,Sat,五月,wu yue,5,5th month,False,廿九,nian jiu,29,29,True,,True,HKO tables,
2027-07-04,Sun,六月,liu yue,6,6th month,False,初一,chu yi,1,29,False,new,False,HKO tables,
2027-07-05,Mon,六月,liu yue,6,6th month,False,初二,chu er,2,29,False,,False,HKO tables,
2027-07-06,Tue,六月,liu yue,6,6th month,False,初三,chu san,3,29,False,,False,HKO tables,
2027-07-07,Wed,六月,liu yue,6,6th month,False,初四,chu si,4,29,False,,False,HKO tables,
2027-07-08,Thu,六月,liu yue,6,6th month,False,初五,chu wu,5,29,False,,False,HKO tables,
2027-07-09,Fri,六月,liu yue,6,6th month,False,初六,chu liu,6,29,False,,False,HKO tables,
2027-07-10,Sat,六月,liu yue,6,6th month,False,初七,chu qi,7,29,False,,False,HKO tables,
2027-07-11,Sun,六月,liu yue,6,6th month,False,初八,chu ba,8,29,True,,False,HKO tables,
2027-07-12,Mon,六月,liu yue,6,6th month,False,初九,chu jiu,9,29,False,,False,HKO tables,
2027-07-13,Tue,六月,liu yue,6,6th month,False,初十,chu shi,10,29,False,,False,HKO tables,
2027-07-14,Wed,六月,liu yue,6,6th month,False,十一,shi yi,11,29,False,,False,HKO tables,
2027-07-15,Thu,六月,liu yue,6,6th month,False,十二,shi er,12,29,False,,False,HKO tables,
2027-07-16,Fri,六月,liu yue,6,6th month,False,十三,shi san,13,29,False,,False,HKO tables,
2027-07-17,Sat,六月,liu yue,6,6th month,False,十四,shi si,14,29,True,,False,HKO tables,
2027-07-18,Sun,六月,liu yue,6,6th month,False,十五,shi wu,15,29,True,full,False,HKO tables,
2027-07-19,Mon,六月,liu yue,6,6th month,False,十六,shi liu,16,29,False,,False,HKO tables,
2027-07-20,Tue,六月,liu yue,6,6th month,False,十七,shi qi,17,29,False,,False,HKO tables,
2027-07-21,Wed,六月,liu yue,6,6th month,False,十八,shi ba,18,29,False,,False,HKO tables,
2027-07-22,Thu,六月,liu yue,6,6th month,False,十九,shi jiu,19,29,False,,False,HKO tables,
2027-07-23,Fri,六月,liu yue,6,6th month,False,二十,er shi,20,29,False,,False,HKO tables,
2027-07-24,Sat,六月,liu yue,6,6th month,False,廿一,nian yi,21,29,False,,False,HKO tables,
2027-07-25,Sun,六月,liu yue,6,6th month,False,廿二,nian er,22,29,False,,False,HKO tables,
2027-07-26,Mon,六月,liu yue,6,6th month,False,廿三,nian san,23,29,True,,False,HKO tables,
2027-07-27,Tue,六月,liu yue,6,6th month,False,廿四,nian si,24,29,False,,False,HKO tables,
2027-07-28,Wed,六月,liu yue,6,6th month,False,廿五,nian wu,25,29,False,,False,HKO tables,
2027-07-29,Thu,六月,liu yue,6,6th month,False,廿六,nian liu,26,29,False,,False,HKO tables,
2027-07-30,Fri,六月,liu yue,6,6th month,False,廿七,nian qi,27,29,False,,False,HKO tables,
2027-07-31,Sat,六月,liu yue,6,6th month,False,廿八,nian ba,28,29,True,,False,HKO tables,
2027-08-01,Sun,六月,liu yue,6,6th month,False,廿九,nian jiu,29,29,True,,False,HKO tables,
2027-08-02,Mon,七月,qi yue,7,7th month,False,初一,chu yi,1,30,False,new,False,HKO tables,
2027-08-03,Tue,七月,qi yue,7,7th month,False,初二,chu er,2,30,False,,False,HKO tables,
2027-08-04,Wed,七月,qi yue,7,7th month,False,初三,chu san,3,30,False,,False,HKO tables,
2027-08-05,Thu,七月,qi yue,7,7th month,False,初四,chu si,4,30,False,,False,HKO tables,
2027-08-06,Fri,七月,qi yue,7,7th month,False,初五,chu wu,5,30,False,,False,HKO tables,
2027-08-07,Sat,七月,qi yue,7,7th month,False,初六,chu liu,6,30,False,,False,HKO tables,
2027-08-08,Sun,七月,qi yue,7,7th month,False,初七,chu qi,7,30,False,,False,HKO tables,
2027-08-09,Mon,七月,qi yue,7,7th month,False,初八,chu ba,8,30,True,,False,HKO tables,
2027-08-10,Tue,七月,qi yue,7,7th month,False,初九,chu jiu,9,30,False,,False,HKO tables,
2027-08-11,Wed,七月,qi yue,7,7th month,False,初十,chu shi,10,30,False,,False,HKO tables,
2027-08-12,Thu,七月,qi yue,7,7th month,False,十一,shi yi,11,30,False,,False,HKO tables,
2027-08-13,Fri,七月,qi yue,7,7th month,False,十二,shi er,12,30,False,,False,HKO tables,
2027-08-14,Sat,七月,qi yue,7,7th month,False,十三,shi san,13,30,False,,False,HKO tables,
2027-08-15,Sun,七月,qi yue,7,7th month,False,十四,shi si,14,30,True,,False,HKO tables,
2027-08-16,Mon,七月,qi yue,7,7th month,False,十五,shi wu,15,30,True,full,False,HKO tables,
2027-08-17,Tue,七月,qi yue,7,7th month,False,十六,shi liu,16,30,False,,False,HKO tables,
2027-08-18,Wed,七月,qi yue,7,7th month,False,十七,shi qi,17,30,False,,False,HKO tables,
2027-08-19,Thu,七月,qi yue,7,7th month,False,十八,shi ba,18,30,False,,False,HKO tables,
2027-08-20,Fri,七月,qi yue,7,7th month,False,十九,shi jiu,19,30,False,,False,HKO tables,
2027-08-21,Sat,七月,qi yue,7,7th month,False,二十,er shi,20,30,False,,False,HKO tables,
2027-08-22,Sun,七月,qi yue,7,7th month,False,廿一,nian yi,21,30,False,,False,HKO tables,
2027-08-23,Mon,七月,qi yue,7,7th month,False,廿二,nian er,22,30,False,,False,HKO tables,
2027-08-24,Tue,七月,qi yue,7,7th month,False,廿三,nian san,23,30,True,,False,HKO tables,
2027-08-25,Wed,七月,qi yue,7,7th month,False,廿四,nian si,24,30,False,,False,HKO tables,
2027-08-26,Thu,七月,qi yue,7,7th month,False,廿五,nian wu,25,30,False,,False,HKO tables,
2027-08-27,Fri,七月,qi yue,7,7th month,False,廿六,nian liu,26,30,False,,False,HKO tables,
2027-08-28,Sat,七月,qi yue,7,7th month,False,廿七,nian qi,27,30,False,,False,HKO tables,
2027-08-29,Sun,七月,qi yue,7,7th month,False,廿八,nian ba,28,30,False,,False,HKO tables,
2027-08-30,Mon,七月,qi yue,7,7th month,False,廿九,nian jiu,29,30,True,,False,HKO tables,
2027-08-31,Tue,七月,qi yue,7,7th month,False,三十,san shi,30,30,True,,False,HKO tables,
2027-09-01,Wed,八月,ba yue,8,8th month,False,初一,chu yi,1,29,False,new,False,HKO tables,
2027-09-02,Thu,八月,ba yue,8,8th month,False,初二,chu er,2,29,False,,False,HKO tables,
2027-09-03,Fri,八月,ba yue,8,8th month,False,初三,chu san,3,29,False,,False,HKO tables,
2027-09-04,Sat,八月,ba yue,8,8th month,False,初四,chu si,4,29,False,,False,HKO tables,
2027-09-05,Sun,八月,ba yue,8,8th month,False,初五,chu wu,5,29,False,,False,HKO tables,
2027-09-06,Mon,八月,ba yue,8,8th month,False,初六,chu liu,6,29,False,,False,HKO tables,
2027-09-07,Tue,八月,ba yue,8,8th month,False,初七,chu qi,7,29,False,,False,HKO tables,
2027-09-08,Wed,八月,ba yue,8,8th month,False,初八,chu ba,8,29,True,,False,HKO tables,
2027-09-09,Thu,八月,ba yue,8,8th month,False,初九,chu jiu,9,29,False,,False,HKO tables,
2027-09-10,Fri,八月,ba yue,8,8th month,False,初十,chu shi,10,29,False,,False,HKO tables,
2027-09-11,Sat,八月,ba yue,8,8th month,False,十一,shi yi,11,29,False,,False,HKO tables,
2027-09-12,Sun,八月,ba yue,8,8th month,False,十二,shi er,12,29,False,,False,HKO tables,
2027-09-13,Mon,八月,ba yue,8,8th month,False,十三,shi san,13,29,False,,False,HKO tables,
2027-09-14,Tue,八月,ba yue,8,8th month,False,十四,shi si,14,29,True,,False,HKO tables,
2027-09-15,Wed,八月,ba yue,8,8th month,False,十五,shi wu,15,29,True,full,False,HKO tables,
2027-09-16,Thu,八月,ba yue,8,8th month,False,十六,shi liu,16,29,False,,False,HKO tables,
2027-09-17,Fri,八月,ba yue,8,8th month,False,十七,shi qi,17,29,False,,False,HKO tables,
2027-09-18,Sat,八月,ba yue,8,8th month,False,十八,shi ba,18,29,False,,False,HKO tables,
2027-09-19,Sun,八月,ba yue,8,8th month,False,十九,shi jiu,19,29,False,,False,HKO tables,
2027-09-20,Mon,八月,ba yue,8,8th month,False,二十,er shi,20,29,False,,False,HKO tables,
2027-09-21,Tue,八月,ba yue,8,8th month,False,廿一,nian yi,21,29,False,,False,HKO tables,
2027-09-22,Wed,八月,ba yue,8,8th month,False,廿二,nian er,22,29,False,,False,HKO tables,
2027-09-23,Thu,八月,ba yue,8,8th month,False,廿三,nian san,23,29,True,,False,HKO tables,
2027-09-24,Fri,八月,ba yue,8,8th month,False,廿四,nian si,24,29,False,,False,HKO tables,
2027-09-25,Sat,八月,ba yue,8,8th month,False,廿五,nian wu,25,29,False,,False,HKO tables,
2027-09-26,Sun,八月,ba yue,8,8th month,False,廿六,nian liu,26,29,False,,False,HKO tables,
2027-09-27,Mon,八月,ba yue,8,8th month,False,廿七,nian qi,27,29,False,,False,HKO tables,
2027-09-28,Tue,八月,ba yue,8,8th month,False,廿八,nian ba,28,29,True,,False,HKO tables,
2027-09-29,Wed,八月,ba yue,8,8th month,False,廿九,nian jiu,29,29,True,,False,HKO tables,
2027-09-30,Thu,九月,jiu yue,9,9th month,False,初一,chu yi,1,29,False,new,True,HKO tables,
2027-10-01,Fri,九月,jiu yue,9,9th month,False,初二,chu er,2,29,False,,True,HKO tables,
2027-10-02,Sat,九月,jiu yue,9,9th month,False,初三,chu san,3,29,False,,True,HKO tables,
2027-10-03,Sun,九月,jiu yue,9,9th month,False,初四,chu si,4,29,False,,True,HKO tables,
2027-10-04,Mon,九月,jiu yue,9,9th month,False,初五,chu wu,5,29,False,,True,HKO tables,
2027-10-05,Tue,九月,jiu yue,9,9th month,False,初六,chu liu,6,29,False,,True,HKO tables,
2027-10-06,Wed,九月,jiu yue,9,9th month,False,初七,chu qi,7,29,False,,True,HKO tables,
2027-10-07,Thu,九月,jiu yue,9,9th month,False,初八,chu ba,8,29,True,,True,HKO tables,
2027-10-08,Fri,九月,jiu yue,9,9th month,False,初九,chu jiu,9,29,False,,True,HKO tables,
2027-10-09,Sat,九月,jiu yue,9,9th month,False,初十,chu shi,10,29,False,,True,HKO tables,
2027-10-10,Sun,九月,jiu yue,9,9th month,False,十一,shi yi,11,29,False,,True,HKO tables,
2027-10-11,Mon,九月,jiu yue,9,9th month,False,十二,shi er,12,29,False,,True,HKO tables,
2027-10-12,Tue,九月,jiu yue,9,9th month,False,十三,shi san,13,29,False,,True,HKO tables,
2027-10-13,Wed,九月,jiu yue,9,9th month,False,十四,shi si,14,29,True,,True,HKO tables,
2027-10-14,Thu,九月,jiu yue,9,9th month,False,十五,shi wu,15,29,True,full,True,HKO tables,
2027-10-15,Fri,九月,jiu yue,9,9th month,False,十六,shi liu,16,29,False,,True,HKO tables,
2027-10-16,Sat,九月,jiu yue,9,9th month,False,十七,shi qi,17,29,False,,True,HKO tables,
2027-10-17,Sun,九月,jiu yue,9,9th month,False,十八,shi ba,18,29,False,,True,HKO tables,
2027-10-18,Mon,九月,jiu yue,9,9th month,False,十九,shi jiu,19,29,False,,True,HKO tables,
2027-10-19,Tue,九月,jiu yue,9,9th month,False,二十,er shi,20,29,False,,True,HKO tables,
2027-10-20,Wed,九月,jiu yue,9,9th month,False,廿一,nian yi,21,29,False,,True,HKO tables,
2027-10-21,Thu,九月,jiu yue,9,9th month,False,廿二,nian er,22,29,False,,True,HKO tables,
2027-10-22,Fri,九月,jiu yue,9,9th month,False,廿三,nian san,23,29,True,,True,HKO tables,
2027-10-23,Sat,九月,jiu yue,9,9th month,False,廿四,nian si,24,29,False,,True,HKO tables,
2027-10-24,Sun,九月,jiu yue,9,9th month,False,廿五,nian wu,25,29,False,,True,HKO tables,
2027-10-25,Mon,九月,jiu yue,9,9th month,False,廿六,nian liu,26,29,False,,True,HKO tables,
2027-10-26,Tue,九月,jiu yue,9,9th month,False,廿七,nian qi,27,29,False,,True,HKO tables,
2027-10-27,Wed,九月,jiu yue,9,9th month,False,廿八,nian ba,28,29,True,,True,HKO tables,
2027-10-28,Thu,九月,jiu yue,9,9th month,False,廿九,nian jiu,29,29,True,,True,HKO tables,
2027-10-29,Fri,十月,shi yue,10,10th month,False,初一,chu yi,1,30,False,new,False,HKO tables,
2027-10-30,Sat,十月,shi yue,10,10th month,False,初二,chu er,2,30,False,,False,HKO tables,
2027-10-31,Sun,十月,shi yue,10,10th month,False,初三,chu san,3,30,False,,False,HKO tables,
2027-11-01,Mon,十月,shi yue,10,10th month,False,初四,chu si,4,30,False,,False,HKO tables,
2027-11-02,Tue,十月,shi yue,10,10th month,False,初五,chu wu,5,30,False,,False,HKO tables,
2027-11-03,Wed,十月,shi yue,10,10th month,False,初六,chu liu,6,30,False,,False,HKO tables,
2027-11-04,Thu,十月,shi yue,10,10th month,False,初七,chu qi,7,30,False,,False,HKO tables,
2027-11-05,Fri,十月,shi yue,10,10th month,False,初八,chu ba,8,30,True,,False,HKO tables,
2027-11-06,Sat,十月,shi yue,10,10th month,False,初九,chu jiu,9,30,False,,False,HKO tables,
2027-11-07,Sun,十月,shi yue,10,10th month,False,初十,chu shi,10,30,False,,False,HKO tables,
2027-11-08,Mon,十月,shi yue,10,10th month,False,十一,shi yi,11,30,False,,False,HKO tables,
2027-11-09,Tue,十月,shi yue,10,10th month,False,十二,shi er,12,30,False,,False,HKO tables,
2027-11-10,Wed,十月,shi yue,10,10th month,False,十三,shi san,13,30,False,,False,HKO tables,
2027-11-11,Thu,十月,shi yue,10,10th month,False,十四,shi si,14,30,True,,False,HKO tables,
2027-11-12,Fri,十月,shi yue,10,10th month,False,十五,shi wu,15,30,True,full,False,HKO tables,
2027-11-13,Sat,十月,shi yue,10,10th month,False,十六,shi liu,16,30,False,,False,HKO tables,
2027-11-14,Sun,十月,shi yue,10,10th month,False,十七,shi qi,17,30,False,,False,HKO tables,
2027-11-15,Mon,十月,shi yue,10,10th month,False,十八,shi ba,18,30,False,,False,HKO tables,
2027-11-16,Tue,十月,shi yue,10,10th month,False,十九,shi jiu,19,30,False,,False,HKO tables,
2027-11-17,Wed,十月,shi yue,10,10th month,False,二十,er shi,20,30,False,,False,HKO tables,
2027-11-18,Thu,十月,shi yue,10,10th month,False,廿一,nian yi,21,30,False,,False,HKO tables,
2027-11-19,Fri,十月,shi yue,10,10th month,False,廿二,nian er,22,30,False,,False,HKO tables,
2027-11-20,Sat,十月,shi yue,10,10th month,False,廿三,nian san,23,30,True,,False,HKO tables,
2027-11-21,Sun,十月,shi yue,10,10th month,False,廿四,nian si,24,30,False,,False,HKO tables,
2027-11-22,Mon,十月,shi yue,10,10th month,False,廿五,nian wu,25,30,False,,False,HKO tables,
2027-11-23,Tue,十月,shi yue,10,10th month,False,廿六,nian liu,26,30,False,,False,HKO tables,
2027-11-24,Wed,十月,shi yue,10,10th month,False,廿七,nian qi,27,30,False,,False,HKO tables,
2027-11-25,Thu,十月,shi yue,10,10th month,False,廿八,nian ba,28,30,False,,False,HKO tables,
2027-11-26,Fri,十月,shi yue,10,10th month,False,廿九,nian jiu,29,30,True,,False,HKO tables,
2027-11-27,Sat,十月,shi yue,10,10th month,False,三十,san shi,30,30,True,,False,HKO tables,
2027-11-28,Sun,十一月,shi yi yue,11,11th month,False,初一,chu yi,1,30,False,new,False,HKO tables,
2027-11-29,Mon,十一月,shi yi yue,11,11th month,False,初二,chu er,2,30,False,,False,HKO tables,
2027-11-30,Tue,十一月,shi yi yue,11,11th month,False,初三,chu san,3,30,False,,False,HKO tables,
2027-12-01,Wed,十一月,shi yi yue,11,11th month,False,初四,chu si,4,30,False,,False,HKO tables,
2027-12-02,Thu,十一月,shi yi yue,11,11th month,False,初五,chu wu,5,30,False,,False,HKO tables,
2027-12-03,Fri,十一月,shi yi yue,11,11th month,False,初六,chu liu,6,30,False,,False,HKO tables,
2027-12-04,Sat,十一月,shi yi yue,11,11th month,False,初七,chu qi,7,30,False,,False,HKO tables,
2027-12-05,Sun,十一月,shi yi yue,11,11th month,False,初八,chu ba,8,30,True,,False,HKO tables,
2027-12-06,Mon,十一月,shi yi yue,11,11th month,False,初九,chu jiu,9,30,False,,False,HKO tables,
2027-12-07,Tue,十一月,shi yi yue,11,11th month,False,初十,chu shi,10,30,False,,False,HKO tables,
2027-12-08,Wed,十一月,shi yi yue,11,11th month,False,十一,shi yi,11,30,False,,False,HKO tables,
2027-12-09,Thu,十一月,shi yi yue,11,11th month,False,十二,shi er,12,30,False,,False,HKO tables,
2027-12-10,Fri,十一月,shi yi yue,11,11th month,False,十三,shi san,13,30,False,,False,HKO tables,
2027-12-11,Sat,十一月,shi yi yue,11,11th month,False,十四,shi si,14,30,True,,False,HKO tables,
2027-12-12,Sun,十一月,shi yi yue,11,11th month,False,十五,shi wu,15,30,True,full,False,HKO tables,
2027-12-13,Mon,十一月,shi yi yue,11,11th month,False,十六,shi liu,16,30,False,,False,HKO tables,
2027-12-14,Tue,十一月,shi yi yue,11,11th month,False,十七,shi qi,17,30,False,,False,HKO tables,
2027-12-15,Wed,十一月,shi yi yue,11,11th month,False,十八,shi ba,18,30,False,,False,HKO tables,
2027-12-16,Thu,十一月,shi yi yue,11,11th month,False,十九,shi jiu,19,30,False,,False,HKO tables,
2027-12-17,Fri,十一月,shi yi yue,11,11th month,False,二十,er shi,20,30,False,,False,HKO tables,
2027-12-18,Sat,十一月,shi yi yue,11,11th month,False,廿一,nian yi,21,30,False,,False,HKO tables,
2027-12-19,Sun,十一月,shi yi yue,11,11th month,False,廿二,nian er,22,30,False,,False,HKO tables,
2027-12-20,Mon,十一月,shi yi yue,11,11th month,False,廿三,nian san,23,30,True,,False,HKO tables,
2027-12-21,Tue,十一月,shi yi yue,11,11th month,False,廿四,nian si,24,30,False,,False,HKO tables,
2027-12-22,Wed,十一月,shi yi yue,11,11th month,False,廿五,nian wu,25,30,False,,False,HKO tables,
2027-12-23,Thu,十一月,shi yi yue,11,11th month,False,廿六,nian liu,26,30,False,,False,HKO tables,
2027-12-24,Fri,十一月,shi yi yue,11,11th month,False,廿七,nian qi,27,30,False,,False,HKO tables,
2027-12-25,Sat,十一月,shi yi yue,11,11th month,False,廿八,nian ba,28,30,False,,False,HKO tables,
2027-12-26,Sun,十一月,shi yi yue,11,11th month,False,廿九,nian jiu,29,30,True,,False,HKO tables,
2027-12-27,Mon,十一月,shi yi yue,11,11th month,False,三十,san shi,30,30,True,,False,HKO tables,
2027-12-28,Tue,十二月,shi er yue,12,12th month,False,初一,chu yi,1,29,False,new,False,HKO tables,
2027-12-29,Wed,十二月,shi er yue,12,12th month,False,初二,chu er,2,29,False,,False,HKO tables,
2027-12-30,Thu,十二月,shi er yue,12,12th month,False,初三,chu san,3,29,False,,False,HKO tables,
2027-12-31,Fri,十二月,shi er yue,12,12th month,False,初四,chu si,4,29,False,,False,HKO tables,
2028-01-01,Sat,十二月,shi er yue,12,12th month,False,初五,chu wu,5,29,False,,False,HKO tables,
2028-01-02,Sun,十二月,shi er yue,12,12th month,False,初六,chu liu,6,29,False,,False,HKO tables,
2028-01-03,Mon,十二月,shi er yue,12,12th month,False,初七,chu qi,7,29,False,,False,HKO tables,
2028-01-04,Tue,十二月,shi er yue,12,12th month,False,初八,chu ba,8,29,True,,False,HKO tables,
2028-01-05,Wed,十二月,shi er yue,12,12th month,False,初九,chu jiu,9,29,False,,False,HKO tables,
2028-01-06,Thu,十二月,shi er yue,12,12th month,False,初十,chu shi,10,29,False,,False,HKO tables,
2028-01-07,Fri,十二月,shi er yue,12,12th month,False,十一,shi yi,11,29,False,,False,HKO tables,
2028-01-08,Sat,十二月,shi er yue,12,12th month,False,十二,shi er,12,29,False,,False,HKO tables,
2028-01-09,Sun,十二月,shi er yue,12,12th month,False,十三,shi san,13,29,False,,False,HKO tables,
2028-01-10,Mon,十二月,shi er yue,12,12th month,False,十四,shi si,14,29,True,,False,HKO tables,
2028-01-11,Tue,十二月,shi er yue,12,12th month,False,十五,shi wu,15,29,True,full,False,HKO tables,
2028-01-12,Wed,十二月,shi er yue,12,12th month,False,十六,shi liu,16,29,False,,False,HKO tables,
2028-01-13,Thu,十二月,shi er yue,12,12th month,False,十七,shi qi,17,29,False,,False,HKO tables,
2028-01-14,Fri,十二月,shi er yue,12,12th month,False,十八,shi ba,18,29,False,,False,HKO tables,
2028-01-15,Sat,十二月,shi er yue,12,12th month,False,十九,shi jiu,19,29,False,,False,HKO tables,
2028-01-16,Sun,十二月,shi er yue,12,12th month,False,二十,er shi,20,29,False,,False,HKO tables,
2028-01-17,Mon,十二月,shi er yue,12,12th month,False,廿一,nian yi,21,29,False,,False,HKO tables,
2028-01-18,Tue,十二月,shi er yue,12,12th month,False,廿二,nian er,22,29,False,,False,HKO tables,
2028-01-19,Wed,十二月,shi er yue,12,12th month,False,廿三,nian san,23,29,True,,False,HKO tables,
2028-01-20,Thu,十二月,shi er yue,12,12th month,False,廿四,nian si,24,29,False,,False,HKO tables,
2028-01-21,Fri,十二月,shi er yue,12,12th month,False,廿五,nian wu,25,29,False,,False,HKO tables,
2028-01-22,Sat,十二月,shi er yue,12,12th month,False,廿六,nian liu,26,29,False,,False,HKO tables,
2028-01-23,Sun,十二月,shi er yue,12,12th month,False,廿七,nian qi,27,29,False,,False,HKO tables,
2028-01-24,Mon,十二月,shi er yue,12,12th month,False,廿八,nian ba,28,29,True,,False,HKO tables,
2028-01-25,Tue,十二月,shi er yue,12,12th month,False,廿九,nian jiu,29,29,True,,False,HKO tables,
2028-01-26,Wed,正月,zheng yue,1,1st month,False,初一,chu yi,1,30,False,new,True,HKO tables,
2028-01-27,Thu,正月,zheng yue,1,1st month,False,初二,chu er,2,30,False,,True,HKO tables,
2028-01-28,Fri,正月,zheng yue,1,1st month,False,初三,chu san,3,30,False,,True,HKO tables,
2028-01-29,Sat,正月,zheng yue,1,1st month,False,初四,chu si,4,30,False,,True,HKO tables,
2028-01-30,Sun,正月,zheng yue,1,1st month,False,初五,chu wu,5,30,False,,True,HKO tables,
2028-01-31,Mon,正月,zheng yue,1,1st month,False,初六,chu liu,6,30,False,,True,HKO tables,
2028-02-01,Tue,正月,zheng yue,1,1st month,False,初七,chu qi,7,30,False,,True,HKO tables,
2028-02-02,Wed,正月,zheng yue,1,1st month,False,初八,chu ba,8,30,True,,True,HKO tables,
2028-02-03,Thu,正月,zheng yue,1,1st month,False,初九,chu jiu,9,30,False,,True,HKO tables,
2028-02-04,Fri,正月,zheng yue,1,1st month,False,初十,chu shi,10,30,False,,True,HKO tables,
2028-02-05,Sat,正月,zheng yue,1,1st month,False,十一,shi yi,11,30,False,,True,HKO tables,
2028-02-06,Sun,正月,zheng yue,1,1st month,False,十二,shi er,12,30,False,,True,HKO tables,
2028-02-07,Mon,正月,zheng yue,1,1st month,False,十三,shi san,13,30,False,,True,HKO tables,
2028-02-08,Tue,正月,zheng yue,1,1st month,False,十四,shi si,14,30,True,,True,HKO tables,
2028-02-09,Wed,正月,zheng yue,1,1st month,False,十五,shi wu,15,30,True,full,True,HKO tables,
2028-02-10,Thu,正月,zheng yue,1,1st month,False,十六,shi liu,16,30,False,,True,HKO tables,
2028-02-11,Fri,正月,zheng yue,1,1st month,False,十七,shi qi,17,30,False,,True,HKO tables,
2028-02-12,Sat,正月,zheng yue,1,1st month,False,十八,shi ba,18,30,False,,True,HKO tables,
2028-02-13,Sun,正月,zheng yue,1,1st month,False,十九,shi jiu,19,30,False,,True,HKO tables,
2028-02-14,Mon,正月,zheng yue,1,1st month,False,二十,er shi,20,30,False,,True,HKO tables,
2028-02-15,Tue,正月,zheng yue,1,1st month,False,廿一,nian yi,21,30,False,,True,HKO tables,
2028-02-16,Wed,正月,zheng yue,1,1st month,False,廿二,nian er,22,30,False,,True,HKO tables,
2028-02-17,Thu,正月,zheng yue,1,1st month,False,廿三,nian san,23,30,True,,True,HKO tables,
2028-02-18,Fri,正月,zheng yue,1,1st month,False,廿四,nian si,24,30,False,,True,HKO tables,
2028-02-19,Sat,正月,zheng yue,1,1st month,False,廿五,nian wu,25,30,False,,True,HKO tables,
2028-02-20,Sun,正月,zheng yue,1,1st month,False,廿六,nian liu,26,30,False,,True,HKO tables,
2028-02-21,Mon,正月,zheng yue,1,1st month,False,廿七,nian qi,27,30,False,,True,HKO tables,
2028-02-22,Tue,正月,zheng yue,1,1st month,False,廿八,nian ba,28,30,False,,True,HKO tables,
2028-02-23,Wed,正月,zheng yue,1,1st month,False,廿九,nian jiu,29,30,True,,True,HKO tables,
2028-02-24,Thu,正月,zheng yue,1,1st month,False,三十,san shi,30,30,True,,True,HKO tables,
2028-02-25,Fri,二月,er yue,2,2nd month,False,初一,chu yi,1,30,False,new,False,HKO tables,
2028-02-26,Sat,二月,er yue,2,2nd month,False,初二,chu er,2,30,False,,False,HKO tables,
2028-02-27,Sun,二月,er yue,2,2nd month,False,初三,chu san,3,30,False,,False,HKO tables,
2028-02-28,Mon,二月,er yue,2,2nd month,False,初四,chu si,4,30,False,,False,HKO tables,
2028-02-29,Tue,二月,er yue,2,2nd month,False,初五,chu wu,5,30,False,,False,HKO tables,
2028-03-01,Wed,二月,er yue,2,2nd month,False,初六,chu liu,6,30,False,,False,HKO tables,
2028-03-02,Thu,二月,er yue,2,2nd month,False,初七,chu qi,7,30,False,,False,HKO tables,
2028-03-03,Fri,二月,er yue,2,2nd month,False,初八,chu ba,8,30,True,,False,HKO tables,
2028-03-04,Sat,二月,er yue,2,2nd month,False,初九,chu jiu,9,30,False,,False,HKO tables,
2028-03-05,Sun,二月,er yue,2,2nd month,False,初十,chu shi,10,30,False,,False,HKO tables,
2028-03-06,Mon,二月,er yue,2,2nd month,False,十一,shi yi,11,30,False,,False,HKO tables,
2028-03-07,Tue,二月,er yue,2,2nd month,False,十二,shi er,12,30,False,,False,HKO tables,
2028-03-08,Wed,二月,er yue,2,2nd month,False,十三,shi san,13,30,False,,False,HKO tables,
2028-03-09,Thu,二月,er yue,2,2nd month,False,十四,shi si,14,30,True,,False,HKO tables,
2028-03-10,Fri,二月,er yue,2,2nd month,False,十五,shi wu,15,30,True,full,False,HKO tables,
2028-03-11,Sat,二月,er yue,2,2nd month,False,十六,shi liu,16,30,False,,False,HKO tables,
2028-03-12,Sun,二月,er yue,2,2nd month,False,十七,shi qi,17,30,False,,False,HKO tables,
2028-03-13,Mon,二月,er yue,2,2nd month,False,十八,shi ba,18,30,False,,False,HKO tables,
2028-03-14,Tue,二月,er yue,2,2nd month,False,十九,shi jiu,19,30,False,,False,HKO tables,
2028-03-15,Wed,二月,er yue,2,2nd month,False,二十,er shi,20,30,False,,False,HKO tables,
2028-03-16,Thu,二月,er yue,2,2nd month,False,廿一,nian yi,21,30,False,,False,HKO tables,
2028-03-17,Fri,二月,er yue,2,2nd month,False,廿二,nian er,22,30,False,,False,HKO tables,
2028-03-18,Sat,二月,er yue,2,2nd month,False,廿三,nian san,23,30,True,,False,HKO tables,
2028-03-19,Sun,二月,er yue,2,2nd month,False,廿四,nian si,24,30,False,,False,HKO tables,
2028-03-20,Mon,二月,er yue,2,2nd month,False,廿五,nian wu,25,30,False,,False,HKO tables,
2028-03-21,Tue,二月,er yue,2,2nd month,False,廿六,nian liu,26,30,False,,False,HKO tables,
2028-03-22,Wed,二月,er yue,2,2nd month,False,廿七,nian qi,27,30,False,,False,HKO tables,
2028-03-23,Thu,二月,er yue,2,2nd month,False,廿八,nian ba,28,30,False,,False,HKO tables,
2028-03-24,Fri,二月,er yue,2,2nd month,False,廿九,nian jiu,29,30,True,,False,HKO tables,
2028-03-25,Sat,二月,er yue,2,2nd month,False,三十,san shi,30,30,True,,False,HKO tables,
2028-03-26,Sun,三月,san yue,3,3rd month,False,初一,chu yi,1,30,False,new,False,HKO tables,
2028-03-27,Mon,三月,san yue,3,3rd month,False,初二,chu er,2,30,False,,False,HKO tables,
2028-03-28,Tue,三月,san yue,3,3rd month,False,初三,chu san,3,30,False,,False,HKO tables,
2028-03-29,Wed,三月,san yue,3,3rd month,False,初四,chu si,4,30,False,,False,HKO tables,
2028-03-30,Thu,三月,san yue,3,3rd month,False,初五,chu wu,5,30,False,,False,HKO tables,
2028-03-31,Fri,三月,san yue,3,3rd month,False,初六,chu liu,6,30,False,,False,HKO tables,
2028-04-01,Sat,三月,san yue,3,3rd month,False,初七,chu qi,7,30,False,,False,HKO tables,
2028-04-02,Sun,三月,san yue,3,3rd month,False,初八,chu ba,8,30,True,,False,HKO tables,
2028-04-03,Mon,三月,san yue,3,3rd month,False,初九,chu jiu,9,30,False,,False,HKO tables,
2028-04-04,Tue,三月,san yue,3,3rd month,False,初十,chu shi,10,30,False,,False,HKO tables,
2028-04-05,Wed,三月,san yue,3,3rd month,False,十一,shi yi,11,30,False,,False,HKO tables,
2028-04-06,Thu,三月,san yue,3,3rd month,False,十二,shi er,12,30,False,,False,HKO tables,
2028-04-07,Fri,三月,san yue,3,3rd month,False,十三,shi san,13,30,False,,False,HKO tables,
2028-04-08,Sat,三月,san yue,3,3rd month,False,十四,shi si,14,30,True,,False,HKO tables,
2028-04-09,Sun,三月,san yue,3,3rd month,False,十五,shi wu,15,30,True,full,False,HKO tables,
2028-04-10,Mon,三月,san yue,3,3rd month,False,十六,shi liu,16,30,False,,False,HKO tables,
2028-04-11,Tue,三月,san yue,3,3rd month,False,十七,shi qi,17,30,False,,False,HKO tables,
2028-04-12,Wed,三月,san yue,3,3rd month,False,十八,shi ba,18,30,False,,False,HKO tables,
2028-04-13,Thu,三月,san yue,3,3rd month,False,十九,shi jiu,19,30,False,,False,HKO tables,
2028-04-14,Fri,三月,san yue,3,3rd month,False,二十,er shi,20,30,False,,False,HKO tables,
2028-04-15,Sat,三月,san yue,3,3rd month,False,廿一,nian yi,21,30,False,,False,HKO tables,
2028-04-16,Sun,三月,san yue,3,3rd month,False,廿二,nian er,22,30,False,,False,HKO tables,
2028-04-17,Mon,三月,san yue,3,3rd month,False,廿三,nian san,23,30,True,,False,HKO tables,
2028-04-18,Tue,三月,san yue,3,3rd month,False,廿四,nian si,24,30,False,,False,HKO tables,
2028-04-19,Wed,三月,san yue,3,3rd month,False,廿五,nian wu,25,30,False,,False,HKO tables,
2028-04-20,Thu,三月,san yue,3,3rd month,False,廿六,nian liu,26,30,False,,False,HKO tables,
2028-04-21,Fri,三月,san yue,3,3rd month,False,廿七,nian qi,27,30,False,,False,HKO tables,
2028-04-22,Sat,三月,san yue,3,3rd month,False,廿八,nian ba,28,30,False,,False,HKO tables,
2028-04-23,Sun,三月,san yue,3,3rd month,False,廿九,nian jiu,29,30,True,,False,HKO tables,
2028-04-24,Mon,三月,san yue,3,3rd month,False,三十,san shi,30,30,True,,False,HKO tables,
2028-04-25,Tue,四月,si yue,4,4th month,False,初一,chu yi,1,29,False,new,False,HKO tables,
2028-04-26,Wed,四月,si yue,4,4th month,False,初二,chu er,2,29,False,,False,HKO tables,
2028-04-27,Thu,四月,si yue,4,4th month,False,初三,chu san,3,29,False,,False,HKO tables,
2028-04-28,Fri,四月,si yue,4,4th month,False,初四,chu si,4,29,False,,False,HKO tables,
2028-04-29,Sat,四月,si yue,4,4th month,False,初五,chu wu,5,29,False,,False,HKO tables,
2028-04-30,Sun,四月,si yue,4,4th month,False,初六,chu liu,6,29,False,,False,HKO tables,
2028-05-01,Mon,四月,si yue,4,4th month,False,初七,chu qi,7,29,False,,False,HKO tables,
2028-05-02,Tue,四月,si yue,4,4th month,False,初八,chu ba,8,29,True,,False,HKO tables,
2028-05-03,Wed,四月,si yue,4,4th month,False,初九,chu jiu,9,29,False,,False,HKO tables,
2028-05-04,Thu,四月,si yue,4,4th month,False,初十,chu shi,10,29,False,,False,HKO tables,
2028-05-05,Fri,四月,si yue,4,4th month,False,十一,shi yi,11,29,False,,False,HKO tables,
2028-05-06,Sat,四月,si yue,4,4th month,False,十二,shi er,12,29,False,,False,HKO tables,
2028-05-07,Sun,四月,si yue,4,4th month,False,十三,shi san,13,29,False,,False,HKO tables,
2028-05-08,Mon,四月,si yue,4,4th month,False,十四,shi si,14,29,True,,False,HKO tables,
2028-05-09,Tue,四月,si yue,4,4th month,False,十五,shi wu,15,29,True,full,False,HKO tables,
2028-05-10,Wed,四月,si yue,4,4th month,False,十六,shi liu,16,29,False,,False,HKO tables,
2028-05-11,Thu,四月,si yue,4,4th month,False,十七,shi qi,17,29,False,,False,HKO tables,
2028-05-12,Fri,四月,si yue,4,4th month,False,十八,shi ba,18,29,False,,False,HKO tables,
2028-05-13,Sat,四月,si yue,4,4th month,False,十九,shi jiu,19,29,False,,False,HKO tables,
2028-05-14,Sun,四月,si yue,4,4th month,False,二十,er shi,20,29,False,,False,HKO tables,
2028-05-15,Mon,四月,si yue,4,4th month,False,廿一,nian yi,21,29,False,,False,HKO tables,
2028-05-16,Tue,四月,si yue,4,4th month,False,廿二,nian er,22,29,False,,False,HKO tables,
2028-05-17,Wed,四月,si yue,4,4th month,False,廿三,nian san,23,29,True,,False,HKO tables,
2028-05-18,Thu,四月,si yue,4,4th month,False,廿四,nian si,24,29,False,,False,HKO tables,
2028-05-19,Fri,四月,si yue,4,4th month,False,廿五,nian wu,25,29,False,,False,HKO tables,
2028-05-20,Sat,四月,si yue,4,4th month,False,廿六,nian liu,26,29,False,,False,HKO tables,
2028-05-21,Sun,四月,si yue,4,4th month,False,廿七,nian qi,27,29,False,,False,HKO tables,
2028-05-22,Mon,四月,si yue,4,4th month,False,廿八,nian ba,28,29,True,,False,HKO tables,
2028-05-23,Tue,四月,si yue,4,4th month,False,廿九,nian jiu,29,29,True,,False,HKO tables,
2028-05-24,Wed,五月,wu yue,5,5th month,False,初一,chu yi,1,30,False,new,True,HKO tables,
2028-05-25,Thu,五月,wu yue,5,5th month,False,初二,chu er,2,30,False,,True,HKO tables,
2028-05-26,Fri,五月,wu yue,5,5th month,False,初三,chu san,3,30,False,,True,HKO tables,
2028-05-27,Sat,五月,wu yue,5,5th month,False,初四,chu si,4,30,False,,True,HKO tables,
2028-05-28,Sun,五月,wu yue,5,5th month,False,初五,chu wu,5,30,False,,True,HKO tables,
2028-05-29,Mon,五月,wu yue,5,5th month,False,初六,chu liu,6,30,False,,True,HKO tables,
2028-05-30,Tue,五月,wu yue,5,5th month,False,初七,chu qi,7,30,False,,True,HKO tables,
2028-05-31,Wed,五月,wu yue,5,5th month,False,初八,chu ba,8,30,True,,True,HKO tables,
2028-06-01,Thu,五月,wu yue,5,5th month,False,初九,chu jiu,9,30,False,,True,HKO tables,
2028-06-02,Fri,五月,wu yue,5,5th month,False,初十,chu shi,10,30,False,,True,HKO tables,
2028-06-03,Sat,五月,wu yue,5,5th month,False,十一,shi yi,11,30,False,,True,HKO tables,
2028-06-04,Sun,五月,wu yue,5,5th month,False,十二,shi er,12,30,False,,True,HKO tables,
2028-06-05,Mon,五月,wu yue,5,5th month,False,十三,shi san,13,30,False,,True,HKO tables,
2028-06-06,Tue,五月,wu yue,5,5th month,False,十四,shi si,14,30,True,,True,HKO tables,
2028-06-07,Wed,五月,wu yue,5,5th month,False,十五,shi wu,15,30,True,full,True,HKO tables,
2028-06-08,Thu,五月,wu yue,5,5th month,False,十六,shi liu,16,30,False,,True,HKO tables,
2028-06-09,Fri,五月,wu yue,5,5th month,False,十七,shi qi,17,30,False,,True,HKO tables,
2028-06-10,Sat,五月,wu yue,5,5th month,False,十八,shi ba,18,30,False,,True,HKO tables,
2028-06-11,Sun,五月,wu yue,5,5th month,False,十九,shi jiu,19,30,False,,True,HKO tables,
2028-06-12,Mon,五月,wu yue,5,5th month,False,二十,er shi,20,30,False,,True,HKO tables,
2028-06-13,Tue,五月,wu yue,5,5th month,False,廿一,nian yi,21,30,False,,True,HKO tables,
2028-06-14,Wed,五月,wu yue,5,5th month,False,廿二,nian er,22,30,False,,True,HKO tables,
2028-06-15,Thu,五月,wu yue,5,5th month,False,廿三,nian san,23,30,True,,True,HKO tables,
2028-06-16,Fri,五月,wu yue,5,5th month,False,廿四,nian si,24,30,False,,True,HKO tables,
2028-06-17,Sat,五月,wu yue,5,5th month,False,廿五,nian wu,25,30,False,,True,HKO tables,
2028-06-18,Sun,五月,wu yue,5,5th month,False,廿六,nian liu,26,30,False,,True,HKO tables,
2028-06-19,Mon,五月,wu yue,5,5th month,False,廿七,nian qi,27,30,False,,True,HKO tables,
2028-06-20,Tue,五月,wu yue,5,5th month,False,廿八,nian ba,28,30,False,,True,HKO tables,
2028-06-21,Wed,五月,wu yue,5,5th month,False,廿九,nian jiu,29,30,True,,True,HKO tables,
2028-06-22,Thu,五月,wu yue,5,5th month,False,三十,san shi,30,30,True,,True,HKO tables,
2028-06-23,Fri,閏五月,run wu yue,5,leap 5th month,True,初一,chu yi,1,29,False,new,True,HKO tables,
2028-06-24,Sat,閏五月,run wu yue,5,leap 5th month,True,初二,chu er,2,29,False,,True,HKO tables,
2028-06-25,Sun,閏五月,run wu yue,5,leap 5th month,True,初三,chu san,3,29,False,,True,HKO tables,
2028-06-26,Mon,閏五月,run wu yue,5,leap 5th month,True,初四,chu si,4,29,False,,True,HKO tables,
2028-06-27,Tue,閏五月,run wu yue,5,leap 5th month,True,初五,chu wu,5,29,False,,True,HKO tables,
2028-06-28,Wed,閏五月,run wu yue,5,leap 5th month,True,初六,chu liu,6,29,False,,True,HKO tables,
2028-06-29,Thu,閏五月,run wu yue,5,leap 5th month,True,初七,chu qi,7,29,False,,True,HKO tables,
2028-06-30,Fri,閏五月,run wu yue,5,leap 5th month,True,初八,chu ba,8,29,True,,True,HKO tables,
2028-07-01,Sat,閏五月,run wu yue,5,leap 5th month,True,初九,chu jiu,9,29,False,,True,HKO tables,
2028-07-02,Sun,閏五月,run wu yue,5,leap 5th month,True,初十,chu shi,10,29,False,,True,HKO tables,
2028-07-03,Mon,閏五月,run wu yue,5,leap 5th month,True,十一,shi yi,11,29,False,,True,HKO tables,
2028-07-04,Tue,閏五月,run wu yue,5,leap 5th month,True,十二,shi er,12,29,False,,True,HKO tables,
2028-07-05,Wed,閏五月,run wu yue,5,leap 5th month,True,十三,shi san,13,29,False,,True,HKO tables,
2028-07-06,Thu,閏五月,run wu yue,5,leap 5th month,True,十四,shi si,14,29,True,,True,HKO tables,
2028-07-07,Fri,閏五月,run wu yue,5,leap 5th month,True,十五,shi wu,15,29,True,full,True,HKO tables,
2028-07-08,Sat,閏五月,run wu yue,5,leap 5th month,True,十六,shi liu,16,29,False,,True,HKO tables,
2028-07-09,Sun,閏五月,run wu yue,5,leap 5th month,True,十七,shi qi,17,29,False,,True,HKO tables,
2028-07-10,Mon,閏五月,run wu yue,5,leap 5th month,True,十八,shi ba,18,29,False,,True,HKO tables,
2028-07-11,Tue,閏五月,run wu yue,5,leap 5th month,True,十九,shi jiu,19,29,False,,True,HKO tables,
2028-07-12,Wed,閏五月,run wu yue,5,leap 5th month,True,二十,er shi,20,29,False,,True,HKO tables,
2028-07-13,Thu,閏五月,run wu yue,5,leap 5th month,True,廿一,nian yi,21,29,False,,True,HKO tables,
2028-07-14,Fri,閏五月,run wu yue,5,leap 5th month,True,廿二,nian er,22,29,False,,True,HKO tables,
2028-07-15,Sat,閏五月,run wu yue,5,leap 5th month,True,廿三,nian san,23,29,True,,True,HKO tables,
2028-07-16,Sun,閏五月,run wu yue,5,leap 5th month,True,廿四,nian si,24,29,False,,True,HKO tables,
2028-07-17,Mon,閏五月,run wu yue,5,leap 5th month,True,廿五,nian wu,25,29,False,,True,HKO tables,
2028-07-18,Tue,閏五月,run wu yue,5,leap 5th month,True,廿六,nian liu,26,29,False,,True,HKO tables,
2028-07-19,Wed,閏五月,run wu yue,5,leap 5th month,True,廿七,nian qi,27,29,False,,True,HKO tables,
2028-07-20,Thu,閏五月,run wu yue,5,leap 5th month,True,廿八,nian ba,28,29,True,,True,HKO tables,
2028-07-21,Fri,閏五月,run wu yue,5,leap 5th month,True,廿九,nian jiu,29,29,True,,True,HKO tables,
2028-07-22,Sat,六月,liu yue,6,6th month,False,初一,chu yi,1,29,False,new,False,HKO tables,
2028-07-23,Sun,六月,liu yue,6,6th month,False,初二,chu er,2,29,False,,False,HKO tables,
2028-07-24,Mon,六月,liu yue,6,6th month,False,初三,chu san,3,29,False,,False,HKO tables,
2028-07-25,Tue,六月,liu yue,6,6th month,False,初四,chu si,4,29,False,,False,HKO tables,
2028-07-26,Wed,六月,liu yue,6,6th month,False,初五,chu wu,5,29,False,,False,HKO tables,
2028-07-27,Thu,六月,liu yue,6,6th month,False,初六,chu liu,6,29,False,,False,HKO tables,
2028-07-28,Fri,六月,liu yue,6,6th month,False,初七,chu qi,7,29,False,,False,HKO tables,
2028-07-29,Sat,六月,liu yue,6,6th month,False,初八,chu ba,8,29,True,,False,HKO tables,
2028-07-30,Sun,六月,liu yue,6,6th month,False,初九,chu jiu,9,29,False,,False,HKO tables,
2028-07-31,Mon,六月,liu yue,6,6th month,False,初十,chu shi,10,29,False,,False,HKO tables,
2028-08-01,Tue,六月,liu yue,6,6th month,False,十一,shi yi,11,29,False,,False,HKO tables,
2028-08-02,Wed,六月,liu yue,6,6th month,False,十二,shi er,12,29,False,,False,HKO tables,
2028-08-03,Thu,六月,liu yue,6,6th month,False,十三,shi san,13,29,False,,False,HKO tables,
2028-08-04,Fri,六月,liu yue,6,6th month,False,十四,shi si,14,29,True,,False,HKO tables,
2028-08-05,Sat,六月,liu yue,6,6th month,False,十五,shi wu,15,29,True,full,False,HKO tables,
2028-08-06,Sun,六月,liu yue,6,6th month,False,十六,shi liu,16,29,False,,False,HKO tables,
2028-08-07,Mon,六月,liu yue,6,6th month,False,十七,shi qi,17,29,False,,False,HKO tables,
2028-08-08,Tue,六月,liu yue,6,6th month,False,十八,shi ba,18,29,False,,False,HKO tables,
2028-08-09,Wed,六月,liu yue,6,6th month,False,十九,shi jiu,19,29,False,,False,HKO tables,
2028-08-10,Thu,六月,liu yue,6,6th month,False,二十,er shi,20,29,False,,False,HKO tables,
2028-08-11,Fri,六月,liu yue,6,6th month,False,廿一,nian yi,21,29,False,,False,HKO tables,
2028-08-12,Sat,六月,liu yue,6,6th month,False,廿二,nian er,22,29,False,,False,HKO tables,
2028-08-13,Sun,六月,liu yue,6,6th month,False,廿三,nian san,23,29,True,,False,HKO tables,
2028-08-14,Mon,六月,liu yue,6,6th month,False,廿四,nian si,24,29,False,,False,HKO tables,
2028-08-15,Tue,六月,liu yue,6,6th month,False,廿五,nian wu,25,29,False,,False,HKO tables,
2028-08-16,Wed,六月,liu yue,6,6th month,False,廿六,nian liu,26,29,False,,False,HKO tables,
2028-08-17,Thu,六月,liu yue,6,6th month,False,廿七,nian qi,27,29,False,,False,HKO tables,
2028-08-18,Fri,六月,liu yue,6,6th month,False,廿八,nian ba,28,29,True,,False,HKO tables,
2028-08-19,Sat,六月,liu yue,6,6th month,False,廿九,nian jiu,29,29,True,,False,HKO tables,
2028-08-20,Sun,七月,qi yue,7,7th month,False,初一,chu yi,1,30,False,new,False,HKO tables,
2028-08-21,Mon,七月,qi yue,7,7th month,False,初二,chu er,2,30,False,,False,HKO tables,
2028-08-22,Tue,七月,qi yue,7,7th month,False,初三,chu san,3,30,False,,False,HKO tables,
2028-08-23,Wed,七月,qi yue,7,7th month,False,初四,chu si,4,30,False,,False,HKO tables,
2028-08-24,Thu,七月,qi yue,7,7th month,False,初五,chu wu,5,30,False,,False,HKO tables,
2028-08-25,Fri,七月,qi yue,7,7th month,False,初六,chu liu,6,30,False,,False,HKO tables,
2028-08-26,Sat,七月,qi yue,7,7th month,False,初七,chu qi,7,30,False,,False,HKO tables,
2028-08-27,Sun,七月,qi yue,7,7th month,False,初八,chu ba,8,30,True,,False,HKO tables,
2028-08-28,Mon,七月,qi yue,7,7th month,False,初九,chu jiu,9,30,False,,False,HKO tables,
2028-08-29,Tue,七月,qi yue,7,7th month,False,初十,chu shi,10,30,False,,False,HKO tables,
2028-08-30,Wed,七月,qi yue,7,7th month,False,十一,shi yi,11,30,False,,False,HKO tables,
2028-08-31,Thu,七月,qi yue,7,7th month,False,十二,shi er,12,30,False,,False,HKO tables,
2028-09-01,Fri,七月,qi yue,7,7th month,False,十三,shi san,13,30,False,,False,HKO tables,
2028-09-02,Sat,七月,qi yue,7,7th month,False,十四,shi si,14,30,True,,False,HKO tables,
2028-09-03,Sun,七月,qi yue,7,7th month,False,十五,shi wu,15,30,True,full,False,HKO tables,
2028-09-04,Mon,七月,qi yue,7,7th month,False,十六,shi liu,16,30,False,,False,HKO tables,
2028-09-05,Tue,七月,qi yue,7,7th month,False,十七,shi qi,17,30,False,,False,HKO tables,
2028-09-06,Wed,七月,qi yue,7,7th month,False,十八,shi ba,18,30,False,,False,HKO tables,
2028-09-07,Thu,七月,qi yue,7,7th month,False,十九,shi jiu,19,30,False,,False,HKO tables,
2028-09-08,Fri,七月,qi yue,7,7th month,False,二十,er shi,20,30,False,,False,HKO tables,
2028-09-09,Sat,七月,qi yue,7,7th month,False,廿一,nian yi,21,30,False,,False,HKO tables,
2028-09-10,Sun,七月,qi yue,7,7th month,False,廿二,nian er,22,30,False,,False,HKO tables,
2028-09-11,Mon,七月,qi yue,7,7th month,False,廿三,nian san,23,30,True,,False,HKO tables,
2028-09-12,Tue,七月,qi yue,7,7th month,False,廿四,nian si,24,30,False,,False,HKO tables,
2028-09-13,Wed,七月,qi yue,7,7th month,False,廿五,nian wu,25,30,False,,False,HKO tables,
2028-09-14,Thu,七月,qi yue,7,7th month,False,廿六,nian liu,26,30,False,,False,HKO tables,
2028-09-15,Fri,七月,qi yue,7,7th month,False,廿七,nian qi,27,30,False,,False,HKO tables,
2028-09-16,Sat,七月,qi yue,7,7th month,False,廿八,nian ba,28,30,False,,False,HKO tables,
2028-09-17,Sun,七月,qi yue,7,7th month,False,廿九,nian jiu,29,30,True,,False,HKO tables,
2028-09-18,Mon,七月,qi yue,7,7th month,False,三十,san shi,30,30,True,,False,HKO tables,
2028-09-19,Tue,八月,ba yue,8,8th month,False,初一,chu yi,1,29,False,new,False,HKO tables,
2028-09-20,Wed,八月,ba yue,8,8th month,False,初二,chu er,2,29,False,,False,HKO tables,
2028-09-21,Thu,八月,ba yue,8,8th month,False,初三,chu san,3,29,False,,False,HKO tables,
2028-09-22,Fri,八月,ba yue,8,8th month,False,初四,chu si,4,29,False,,False,HKO tables,
2028-09-23,Sat,八月,ba yue,8,8th month,False,初五,chu wu,5,29,False,,False,HKO tables,
2028-09-24,Sun,八月,ba yue,8,8th month,False,初六,chu liu,6,29,False,,False,HKO tables,
2028-09-25,Mon,八月,ba yue,8,8th month,False,初七,chu qi,7,29,False,,False,HKO tables,
2028-09-26,Tue,八月,ba yue,8,8th month,False,初八,chu ba,8,29,True,,False,HKO tables,
2028-09-27,Wed,八月,ba yue,8,8th month,False,初九,chu jiu,9,29,False,,False,HKO tables,
2028-09-28,Thu,八月,ba yue,8,8th month,False,初十,chu shi,10,29,False,,False,HKO tables,
2028-09-29,Fri,八月,ba yue,8,8th month,False,十一,shi yi,11,29,False,,False,HKO tables,
2028-09-30,Sat,八月,ba yue,8,8th month,False,十二,shi er,12,29,False,,False,HKO tables,
2028-10-01,Sun,八月,ba yue,8,8th month,False,十三,shi san,13,29,False,,False,HKO tables,
2028-10-02,Mon,八月,ba yue,8,8th month,False,十四,shi si,14,29,True,,False,HKO tables,
2028-10-03,Tue,八月,ba yue,8,8th month,False,十五,shi wu,15,29,True,full,False,HKO tables,
2028-10-04,Wed,八月,ba yue,8,8th month,False,十六,shi liu,16,29,False,,False,HKO tables,
2028-10-05,Thu,八月,ba yue,8,8th month,False,十七,shi qi,17,29,False,,False,HKO tables,
2028-10-06,Fri,八月,ba yue,8,8th month,False,十八,shi ba,18,29,False,,False,HKO tables,
2028-10-07,Sat,八月,ba yue,8,8th month,False,十九,shi jiu,19,29,False,,False,HKO tables,
2028-10-08,Sun,八月,ba yue,8,8th month,False,二十,er shi,20,29,False,,False,HKO tables,
2028-10-09,Mon,八月,ba yue,8,8th month,False,廿一,nian yi,21,29,False,,False,HKO tables,
2028-10-10,Tue,八月,ba yue,8,8th month,False,廿二,nian er,22,29,False,,False,HKO tables,
2028-10-11,Wed,八月,ba yue,8,8th month,False,廿三,nian san,23,29,True,,False,HKO tables,
2028-10-12,Thu,八月,ba yue,8,8th month,False,廿四,nian si,24,29,False,,False,HKO tables,
2028-10-13,Fri,八月,ba yue,8,8th month,False,廿五,nian wu,25,29,False,,False,HKO tables,
2028-10-14,Sat,八月,ba yue,8,8th month,False,廿六,nian liu,26,29,False,,False,HKO tables,
2028-10-15,Sun,八月,ba yue,8,8th month,False,廿七,nian qi,27,29,False,,False,HKO tables,
2028-10-16,Mon,八月,ba yue,8,8th month,False,廿八,nian ba,28,29,True,,False,HKO tables,
2028-10-17,Tue,八月,ba yue,8,8th month,False,廿九,nian jiu,29,29,True,,False,HKO tables,
2028-10-18,Wed,九月,jiu yue,9,9th month,False,初一,chu yi,1,29,False,new,True,HKO tables,
2028-10-19,Thu,九月,jiu yue,9,9th month,False,初二,chu er,2,29,False,,True,HKO tables,
2028-10-20,Fri,九月,jiu yue,9,9th month,False,初三,chu san,3,29,False,,True,HKO tables,
2028-10-21,Sat,九月,jiu yue,9,9th month,False,初四,chu si,4,29,False,,True,HKO tables,
2028-10-22,Sun,九月,jiu yue,9,9th month,False,初五,chu wu,5,29,False,,True,HKO tables,
2028-10-23,Mon,九月,jiu yue,9,9th month,False,初六,chu liu,6,29,False,,True,HKO tables,
2028-10-24,Tue,九月,jiu yue,9,9th month,False,初七,chu qi,7,29,False,,True,HKO tables,
2028-10-25,Wed,九月,jiu yue,9,9th month,False,初八,chu ba,8,29,True,,True,HKO tables,
2028-10-26,Thu,九月,jiu yue,9,9th month,False,初九,chu jiu,9,29,False,,True,HKO tables,
2028-10-27,Fri,九月,jiu yue,9,9th month,False,初十,chu shi,10,29,False,,True,HKO tables,
2028-10-28,Sat,九月,jiu yue,9,9th month,False,十一,shi yi,11,29,False,,True,HKO tables,
2028-10-29,Sun,九月,jiu yue,9,9th month,False,十二,shi er,12,29,False,,True,HKO tables,
2028-10-30,Mon,九月,jiu yue,9,9th month,False,十三,shi san,13,29,False,,True,HKO tables,
2028-10-31,Tue,九月,jiu yue,9,9th month,False,十四,shi si,14,29,True,,True,HKO tables,
2028-11-01,Wed,九月,jiu yue,9,9th month,False,十五,shi wu,15,29,True,full,True,HKO tables,
2028-11-02,Thu,九月,jiu yue,9,9th month,False,十六,shi liu,16,29,False,,True,HKO tables,
2028-11-03,Fri,九月,jiu yue,9,9th month,False,十七,shi qi,17,29,False,,True,HKO tables,
2028-11-04,Sat,九月,jiu yue,9,9th month,False,十八,shi ba,18,29,False,,True,HKO tables,
2028-11-05,Sun,九月,jiu yue,9,9th month,False,十九,shi jiu,19,29,False,,True,HKO tables,
2028-11-06,Mon,九月,jiu yue,9,9th month,False,二十,er shi,20,29,False,,True,HKO tables,
2028-11-07,Tue,九月,jiu yue,9,9th month,False,廿一,nian yi,21,29,False,,True,HKO tables,
2028-11-08,Wed,九月,jiu yue,9,9th month,False,廿二,nian er,22,29,False,,True,HKO tables,
2028-11-09,Thu,九月,jiu yue,9,9th month,False,廿三,nian san,23,29,True,,True,HKO tables,
2028-11-10,Fri,九月,jiu yue,9,9th month,False,廿四,nian si,24,29,False,,True,HKO tables,
2028-11-11,Sat,九月,jiu yue,9,9th month,False,廿五,nian wu,25,29,False,,True,HKO tables,
2028-11-12,Sun,九月,jiu yue,9,9th month,False,廿六,nian liu,26,29,False,,True,HKO tables,
2028-11-13,Mon,九月,jiu yue,9,9th month,False,廿七,nian qi,27,29,False,,True,HKO tables,
2028-11-14,Tue,九月,jiu yue,9,9th month,False,廿八,nian ba,28,29,True,,True,HKO tables,
2028-11-15,Wed,九月,jiu yue,9,9th month,False,廿九,nian jiu,29,29,True,,True,HKO tables,
2028-11-16,Thu,十月,shi yue,10,10th month,False,初一,chu yi,1,30,False,new,False,HKO tables,
2028-11-17,Fri,十月,shi yue,10,10th month,False,初二,chu er,2,30,False,,False,HKO tables,
2028-11-18,Sat,十月,shi yue,10,10th month,False,初三,chu san,3,30,False,,False,HKO tables,
2028-11-19,Sun,十月,shi yue,10,10th month,False,初四,chu si,4,30,False,,False,HKO tables,
2028-11-20,Mon,十月,shi yue,10,10th month,False,初五,chu wu,5,30,False,,False,HKO tables,
2028-11-21,Tue,十月,shi yue,10,10th month,False,初六,chu liu,6,30,False,,False,HKO tables,
2028-11-22,Wed,十月,shi yue,10,10th month,False,初七,chu qi,7,30,False,,False,HKO tables,
2028-11-23,Thu,十月,shi yue,10,10th month,False,初八,chu ba,8,30,True,,False,HKO tables,
2028-11-24,Fri,十月,shi yue,10,10th month,False,初九,chu jiu,9,30,False,,False,HKO tables,
2028-11-25,Sat,十月,shi yue,10,10th month,False,初十,chu shi,10,30,False,,False,HKO tables,
2028-11-26,Sun,十月,shi yue,10,10th month,False,十一,shi yi,11,30,False,,False,HKO tables,
2028-11-27,Mon,十月,shi yue,10,10th month,False,十二,shi er,12,30,False,,False,HKO tables,
2028-11-28,Tue,十月,shi yue,10,10th month,False,十三,shi san,13,30,False,,False,HKO tables,
2028-11-29,Wed,十月,shi yue,10,10th month,False,十四,shi si,14,30,True,,False,HKO tables,
2028-11-30,Thu,十月,shi yue,10,10th month,False,十五,shi wu,15,30,True,full,False,HKO tables,
2028-12-01,Fri,十月,shi yue,10,10th month,False,十六,shi liu,16,30,False,,False,HKO tables,
2028-12-02,Sat,十月,shi yue,10,10th month,False,十七,shi qi,17,30,False,,False,HKO tables,
2028-12-03,Sun,十月,shi yue,10,10th month,False,十八,shi ba,18,30,False,,False,HKO tables,
2028-12-04,Mon,十月,shi yue,10,10th month,False,十九,shi jiu,19,30,False,,False,HKO tables,
2028-12-05,Tue,十月,shi yue,10,10th month,False,二十,er shi,20,30,False,,False,HKO tables,
2028-12-06,Wed,十月,shi yue,10,10th month,False,廿一,nian yi,21,30,False,,False,HKO tables,
2028-12-07,Thu,十月,shi yue,10,10th month,False,廿二,nian er,22,30,False,,False,HKO tables,
2028-12-08,Fri,十月,shi yue,10,10th month,False,廿三,nian san,23,30,True,,False,HKO tables,
2028-12-09,Sat,十月,shi yue,10,10th month,False,廿四,nian si,24,30,False,,False,HKO tables,
2028-12-10,Sun,十月,shi yue,10,10th month,False,廿五,nian wu,25,30,False,,False,HKO tables,
2028-12-11,Mon,十月,shi yue,10,10th month,False,廿六,nian liu,26,30,False,,False,HKO tables,
2028-12-12,Tue,十月,shi yue,10,10th month,False,廿七,nian qi,27,30,False,,False,HKO tables,
2028-12-13,Wed,十月,shi yue,10,10th month,False,廿八,nian ba,28,30,False,,False,HKO tables,
2028-12-14,Thu,十月,shi yue,10,10th month,False,廿九,nian jiu,29,30,True,,False,HKO tables,
2028-12-15,Fri,十月,shi yue,10,10th month,False,三十,san shi,30,30,True,,False,HKO tables,
2028-12-16,Sat,十一月,shi yi yue,11,11th month,False,初一,chu yi,1,30,False,new,False,HKO tables,
2028-12-17,Sun,十一月,shi yi yue,11,11th month,False,初二,chu er,2,30,False,,False,HKO tables,
2028-12-18,Mon,十一月,shi yi yue,11,11th month,False,初三,chu san,3,30,False,,False,HKO tables,
2028-12-19,Tue,十一月,shi yi yue,11,11th month,False,初四,chu si,4,30,False,,False,HKO tables,
2028-12-20,Wed,十一月,shi yi yue,11,11th month,False,初五,chu wu,5,30,False,,False,HKO tables,
2028-12-21,Thu,十一月,shi yi yue,11,11th month,False,初六,chu liu,6,30,False,,False,HKO tables,
2028-12-22,Fri,十一月,shi yi yue,11,11th month,False,初七,chu qi,7,30,False,,False,HKO tables,
2028-12-23,Sat,十一月,shi yi yue,11,11th month,False,初八,chu ba,8,30,True,,False,HKO tables,
2028-12-24,Sun,十一月,shi yi yue,11,11th month,False,初九,chu jiu,9,30,False,,False,HKO tables,
2028-12-25,Mon,十一月,shi yi yue,11,11th month,False,初十,chu shi,10,30,False,,False,HKO tables,
2028-12-26,Tue,十一月,shi yi yue,11,11th month,False,十一,shi yi,11,30,False,,False,HKO tables,
2028-12-27,Wed,十一月,shi yi yue,11,11th month,False,十二,shi er,12,30,False,,False,HKO tables,
2028-12-28,Thu,十一月,shi yi yue,11,11th month,False,十三,shi san,13,30,False,,False,HKO tables,
2028-12-29,Fri,十一月,shi yi yue,11,11th month,False,十四,shi si,14,30,True,,False,HKO tables,
2028-12-30,Sat,十一月,shi yi yue,11,11th month,False,十五,shi wu,15,30,True,full,False,HKO tables,
2028-12-31,Sun,十一月,shi yi yue,11,11th month,False,十六,shi liu,16,30,False,,False,HKO tables,
2029-01-01,Mon,十一月,shi yi yue,11,11th month,False,十七,shi qi,17,30,False,,False,HKO tables,
2029-01-02,Tue,十一月,shi yi yue,11,11th month,False,十八,shi ba,18,30,False,,False,HKO tables,
2029-01-03,Wed,十一月,shi yi yue,11,11th month,False,十九,shi jiu,19,30,False,,False,HKO tables,
2029-01-04,Thu,十一月,shi yi yue,11,11th month,False,二十,er shi,20,30,False,,False,HKO tables,
2029-01-05,Fri,十一月,shi yi yue,11,11th month,False,廿一,nian yi,21,30,False,,False,HKO tables,
2029-01-06,Sat,十一月,shi yi yue,11,11th month,False,廿二,nian er,22,30,False,,False,HKO tables,
2029-01-07,Sun,十一月,shi yi yue,11,11th month,False,廿三,nian san,23,30,True,,False,HKO tables,
2029-01-08,Mon,十一月,shi yi yue,11,11th month,False,廿四,nian si,24,30,False,,False,HKO tables,
2029-01-09,Tue,十一月,shi yi yue,11,11th month,False,廿五,nian wu,25,30,False,,False,HKO tables,
2029-01-10,Wed,十一月,shi yi yue,11,11th month,False,廿六,nian liu,26,30,False,,False,HKO tables,
2029-01-11,Thu,十一月,shi yi yue,11,11th month,False,廿七,nian qi,27,30,False,,False,HKO tables,
2029-01-12,Fri,十一月,shi yi yue,11,11th month,False,廿八,nian ba,28,30,False,,False,HKO tables,
2029-01-13,Sat,十一月,shi yi yue,11,11th month,False,廿九,nian jiu,29,30,True,,False,HKO tables,
2029-01-14,Sun,十一月,shi yi yue,11,11th month,False,三十,san shi,30,30,True,,False,HKO tables,
2029-01-15,Mon,十二月,shi er yue,12,12th month,False,初一,chu yi,1,29,False,new,False,HKO tables,
2029-01-16,Tue,十二月,shi er yue,12,12th month,False,初二,chu er,2,29,False,,False,HKO tables,
2029-01-17,Wed,十二月,shi er yue,12,12th month,False,初三,chu san,3,29,False,,False,HKO tables,
2029-01-18,Thu,十二月,shi er yue,12,12th month,False,初四,chu si,4,29,False,,False,HKO tables,
2029-01-19,Fri,十二月,shi er yue,12,12th month,False,初五,chu wu,5,29,False,,False,HKO tables,
2029-01-20,Sat,十二月,shi er yue,12,12th month,False,初六,chu liu,6,29,False,,False,HKO tables,
2029-01-21,Sun,十二月,shi er yue,12,12th month,False,初七,chu qi,7,29,False,,False,HKO tables,
2029-01-22,Mon,十二月,shi er yue,12,12th month,False,初八,chu ba,8,29,True,,False,HKO tables,
2029-01-23,Tue,十二月,shi er yue,12,12th month,False,初九,chu jiu,9,29,False,,False,HKO tables,
2029-01-24,Wed,十二月,shi er yue,12,12th month,False,初十,chu shi,10,29,False,,False,HKO tables,
2029-01-25,Thu,十二月,shi er yue,12,12th month,False,十一,shi yi,11,29,False,,False,HKO tables,
2029-01-26,Fri,十二月,shi er yue,12,12th month,False,十二,shi er,12,29,False,,False,HKO tables,
2029-01-27,Sat,十二月,shi er yue,12,12th month,False,十三,shi san,13,29,False,,False,HKO tables,
2029-01-28,Sun,十二月,shi er yue,12,12th month,False,十四,shi si,14,29,True,,False,HKO tables,
2029-01-29,Mon,十二月,shi er yue,12,12th month,False,十五,shi wu,15,29,True,full,False,HKO tables,
2029-01-30,Tue,十二月,shi er yue,12,12th month,False,十六,shi liu,16,29,False,,False,HKO tables,
2029-01-31,Wed,十二月,shi er yue,12,12th month,False,十七,shi qi,17,29,False,,False,HKO tables,
2029-02-01,Thu,十二月,shi er yue,12,12th month,False,十八,shi ba,18,29,False,,False,HKO tables,
2029-02-02,Fri,十二月,shi er yue,12,12th month,False,十九,shi jiu,19,29,False,,False,HKO tables,
2029-02-03,Sat,十二月,shi er yue,12,12th month,False,二十,er shi,20,29,False,,False,HKO tables,
2029-02-04,Sun,十二月,shi er yue,12,12th month,False,廿一,nian yi,21,29,False,,False,HKO tables,
2029-02-05,Mon,十二月,shi er yue,12,12th month,False,廿二,nian er,22,29,False,,False,HKO tables,
2029-02-06,Tue,十二月,shi er yue,12,12th month,False,廿三,nian san,23,29,True,,False,HKO tables,
2029-02-07,Wed,十二月,shi er yue,12,12th month,False,廿四,nian si,24,29,False,,False,HKO tables,
2029-02-08,Thu,十二月,shi er yue,12,12th month,False,廿五,nian wu,25,29,False,,False,HKO tables,
2029-02-09,Fri,十二月,shi er yue,12,12th month,False,廿六,nian liu,26,29,False,,False,HKO tables,
2029-02-10,Sat,十二月,shi er yue,12,12th month,False,廿七,nian qi,27,29,False,,False,HKO tables,
2029-02-11,Sun,十二月,shi er yue,12,12th month,False,廿八,nian ba,28,29,True,,False,HKO tables,
2029-02-12,Mon,十二月,shi er yue,12,12th month,False,廿九,nian jiu,29,29,True,,False,HKO tables,
2029-02-13,Tue,正月,zheng yue,1,1st month,False,初一,chu yi,1,30,False,new,True,HKO tables,
2029-02-14,Wed,正月,zheng yue,1,1st month,False,初二,chu er,2,30,False,,True,HKO tables,
2029-02-15,Thu,正月,zheng yue,1,1st month,False,初三,chu san,3,30,False,,True,HKO tables,
2029-02-16,Fri,正月,zheng yue,1,1st month,False,初四,chu si,4,30,False,,True,HKO tables,
2029-02-17,Sat,正月,zheng yue,1,1st month,False,初五,chu wu,5,30,False,,True,HKO tables,
2029-02-18,Sun,正月,zheng yue,1,1st month,False,初六,chu liu,6,30,False,,True,HKO tables,
2029-02-19,Mon,正月,zheng yue,1,1st month,False,初七,chu qi,7,30,False,,True,HKO tables,
2029-02-20,Tue,正月,zheng yue,1,1st month,False,初八,chu ba,8,30,True,,True,HKO tables,
2029-02-21,Wed,正月,zheng yue,1,1st month,False,初九,chu jiu,9,30,False,,True,HKO tables,
2029-02-22,Thu,正月,zheng yue,1,1st month,False,初十,chu shi,10,30,False,,True,HKO tables,
2029-02-23,Fri,正月,zheng yue,1,1st month,False,十一,shi yi,11,30,False,,True,HKO tables,
2029-02-24,Sat,正月,zheng yue,1,1st month,False,十二,shi er,12,30,False,,True,HKO tables,
2029-02-25,Sun,正月,zheng yue,1,1st month,False,十三,shi san,13,30,False,,True,HKO tables,
2029-02-26,Mon,正月,zheng yue,1,1st month,False,十四,shi si,14,30,True,,True,HKO tables,
2029-02-27,Tue,正月,zheng yue,1,1st month,False,十五,shi wu,15,30,True,full,True,HKO tables,
2029-02-28,Wed,正月,zheng yue,1,1st month,False,十六,shi liu,16,30,False,,True,HKO tables,
2029-03-01,Thu,正月,zheng yue,1,1st month,False,十七,shi qi,17,30,False,,True,HKO tables,
2029-03-02,Fri,正月,zheng yue,1,1st month,False,十八,shi ba,18,30,False,,True,HKO tables,
2029-03-03,Sat,正月,zheng yue,1,1st month,False,十九,shi jiu,19,30,False,,True,HKO tables,
2029-03-04,Sun,正月,zheng yue,1,1st month,False,二十,er shi,20,30,False,,True,HKO tables,
2029-03-05,Mon,正月,zheng yue,1,1st month,False,廿一,nian yi,21,30,False,,True,HKO tables,
2029-03-06,Tue,正月,zheng yue,1,1st month,False,廿二,nian er,22,30,False,,True,HKO tables,
2029-03-07,Wed,正月,zheng yue,1,1st month,False,廿三,nian san,23,30,True,,True,HKO tables,
2029-03-08,Thu,正月,zheng yue,1,1st month,False,廿四,nian si,24,30,False,,True,HKO tables,
2029-03-09,Fri,正月,zheng yue,1,1st month,False,廿五,nian wu,25,30,False,,True,HKO tables,
2029-03-10,Sat,正月,zheng yue,1,1st month,False,廿六,nian liu,26,30,False,,True,HKO tables,
2029-03-11,Sun,正月,zheng yue,1,1st month,False,廿七,nian qi,27,30,False,,True,HKO tables,
2029-03-12,Mon,正月,zheng yue,1,1st month,False,廿八,nian ba,28,30,False,,True,HKO tables,
2029-03-13,Tue,正月,zheng yue,1,1st month,False,廿九,nian jiu,29,30,True,,True,HKO tables,
2029-03-14,Wed,正月,zheng yue,1,1st month,False,三十,san shi,30,30,True,,True,HKO tables,
2029-03-15,Thu,二月,er yue,2,2nd month,False,初一,chu yi,1,30,False,new,False,HKO tables,
2029-03-16,Fri,二月,er yue,2,2nd month,False,初二,chu er,2,30,False,,False,HKO tables,
2029-03-17,Sat,二月,er yue,2,2nd month,False,初三,chu san,3,30,False,,False,HKO tables,
2029-03-18,Sun,二月,er yue,2,2nd month,False,初四,chu si,4,30,False,,False,HKO tables,
2029-03-19,Mon,二月,er yue,2,2nd month,False,初五,chu wu,5,30,False,,False,HKO tables,
2029-03-20,Tue,二月,er yue,2,2nd month,False,初六,chu liu,6,30,False,,False,HKO tables,
2029-03-21,Wed,二月,er yue,2,2nd month,False,初七,chu qi,7,30,False,,False,HKO tables,
2029-03-22,Thu,二月,er yue,2,2nd month,False,初八,chu ba,8,30,True,,False,HKO tables,
2029-03-23,Fri,二月,er yue,2,2nd month,False,初九,chu jiu,9,30,False,,False,HKO tables,
2029-03-24,Sat,二月,er yue,2,2nd month,False,初十,chu shi,10,30,False,,False,HKO tables,
2029-03-25,Sun,二月,er yue,2,2nd month,False,十一,shi yi,11,30,False,,False,HKO tables,
2029-03-26,Mon,二月,er yue,2,2nd month,False,十二,shi er,12,30,False,,False,HKO tables,
2029-03-27,Tue,二月,er yue,2,2nd month,False,十三,shi san,13,30,False,,False,HKO tables,
2029-03-28,Wed,二月,er yue,2,2nd month,False,十四,shi si,14,30,True,,False,HKO tables,
2029-03-29,Thu,二月,er yue,2,2nd month,False,十五,shi wu,15,30,True,full,False,HKO tables,
2029-03-30,Fri,二月,er yue,2,2nd month,False,十六,shi liu,16,30,False,,False,HKO tables,
2029-03-31,Sat,二月,er yue,2,2nd month,False,十七,shi qi,17,30,False,,False,HKO tables,
2029-04-01,Sun,二月,er yue,2,2nd month,False,十八,shi ba,18,30,False,,False,HKO tables,
2029-04-02,Mon,二月,er yue,2,2nd month,False,十九,shi jiu,19,30,False,,False,HKO tables,
2029-04-03,Tue,二月,er yue,2,2nd month,False,二十,er shi,20,30,False,,False,HKO tables,
2029-04-04,Wed,二月,er yue,2,2nd month,False,廿一,nian yi,21,30,False,,False,HKO tables,
2029-04-05,Thu,二月,er yue,2,2nd month,False,廿二,nian er,22,30,False,,False,HKO tables,
2029-04-06,Fri,二月,er yue,2,2nd month,False,廿三,nian san,23,30,True,,False,HKO tables,
2029-04-07,Sat,二月,er yue,2,2nd month,False,廿四,nian si,24,30,False,,False,HKO tables,
2029-04-08,Sun,二月,er yue,2,2nd month,False,廿五,nian wu,25,30,False,,False,HKO tables,
2029-04-09,Mon,二月,er yue,2,2nd month,False,廿六,nian liu,26,30,False,,False,HKO tables,
2029-04-10,Tue,二月,er yue,2,2nd month,False,廿七,nian qi,27,30,False,,False,HKO tables,
2029-04-11,Wed,二月,er yue,2,2nd month,False,廿八,nian ba,28,30,False,,False,HKO tables,
2029-04-12,Thu,二月,er yue,2,2nd month,False,廿九,nian jiu,29,30,True,,False,HKO tables,
2029-04-13,Fri,二月,er yue,2,2nd month,False,三十,san shi,30,30,True,,False,HKO tables,
2029-04-14,Sat,三月,san yue,3,3rd month,False,初一,chu yi,1,29,False,new,False,HKO tables,
2029-04-15,Sun,三月,san yue,3,3rd month,False,初二,chu er,2,29,False,,False,HKO tables,
2029-04-16,Mon,三月,san yue,3,3rd month,False,初三,chu san,3,29,False,,False,HKO tables,
2029-04-17,Tue,三月,san yue,3,3rd month,False,初四,chu si,4,29,False,,False,HKO tables,
2029-04-18,Wed,三月,san yue,3,3rd month,False,初五,chu wu,5,29,False,,False,HKO tables,
2029-04-19,Thu,三月,san yue,3,3rd month,False,初六,chu liu,6,29,False,,False,HKO tables,
2029-04-20,Fri,三月,san yue,3,3rd month,False,初七,chu qi,7,29,False,,False,HKO tables,
2029-04-21,Sat,三月,san yue,3,3rd month,False,初八,chu ba,8,29,True,,False,HKO tables,
2029-04-22,Sun,三月,san yue,3,3rd month,False,初九,chu jiu,9,29,False,,False,HKO tables,
2029-04-23,Mon,三月,san yue,3,3rd month,False,初十,chu shi,10,29,False,,False,HKO tables,
2029-04-24,Tue,三月,san yue,3,3rd month,False,十一,shi yi,11,29,False,,False,HKO tables,
2029-04-25,Wed,三月,san yue,3,3rd month,False,十二,shi er,12,29,False,,False,HKO tables,
2029-04-26,Thu,三月,san yue,3,3rd month,False,十三,shi san,13,29,False,,False,HKO tables,
2029-04-27,Fri,三月,san yue,3,3rd month,False,十四,shi si,14,29,True,,False,HKO tables,
2029-04-28,Sat,三月,san yue,3,3rd month,False,十五,shi wu,15,29,True,full,False,HKO tables,
2029-04-29,Sun,三月,san yue,3,3rd month,False,十六,shi liu,16,29,False,,False,HKO tables,
2029-04-30,Mon,三月,san yue,3,3rd month,False,十七,shi qi,17,29,False,,False,HKO tables,
2029-05-01,Tue,三月,san yue,3,3rd month,False,十八,shi ba,18,29,False,,False,HKO tables,
2029-05-02,Wed,三月,san yue,3,3rd month,False,十九,shi jiu,19,29,False,,False,HKO tables,
2029-05-03,Thu,三月,san yue,3,3rd month,False,二十,er shi,20,29,False,,False,HKO tables,
2029-05-04,Fri,三月,san yue,3,3rd month,False,廿一,nian yi,21,29,False,,False,HKO tables,
2029-05-05,Sat,三月,san yue,3,3rd month,False,廿二,nian er,22,29,False,,False,HKO tables,
2029-05-06,Sun,三月,san yue,3,3rd month,False,廿三,nian san,23,29,True,,False,HKO tables,
2029-05-07,Mon,三月,san yue,3,3rd month,False,廿四,nian si,24,29,False,,False,HKO tables,
2029-05-08,Tue,三月,san yue,3,3rd month,False,廿五,nian wu,25,29,False,,False,HKO tables,
2029-05-09,Wed,三月,san yue,3,3rd month,False,廿六,nian liu,26,29,False,,False,HKO tables,
2029-05-10,Thu,三月,san yue,3,3rd month,False,廿七,nian qi,27,29,False,,False,HKO tables,
2029-05-11,Fri,三月,san yue,3,3rd month,False,廿八,nian ba,28,29,True,,False,HKO tables,
2029-05-12,Sat,三月,san yue,3,3rd month,False,廿九,nian jiu,29,29,True,,False,HKO tables,
2029-05-13,Sun,四月,si yue,4,4th month,False,初一,chu yi,1,30,False,new,False,HKO tables,
2029-05-14,Mon,四月,si yue,4,4th month,False,初二,chu er,2,30,False,,False,HKO tables,
2029-05-15,Tue,四月,si yue,4,4th month,False,初三,chu san,3,30,False,,False,HKO tables,
2029-05-16,Wed,四月,si yue,4,4th month,False,初四,chu si,4,30,False,,False,HKO tables,
2029-05-17,Thu,四月,si yue,4,4th month,False,初五,chu wu,5,30,False,,False,HKO tables,
2029-05-18,Fri,四月,si yue,4,4th month,False,初六,chu liu,6,30,False,,False,HKO tables,
2029-05-19,Sat,四月,si yue,4,4th month,False,初七,chu qi,7,30,False,,False,HKO tables,
2029-05-20,Sun,四月,si yue,4,4th month,False,初八,chu ba,8,30,True,,False,HKO tables,
2029-05-21,Mon,四月,si yue,4,4th month,False,初九,chu jiu,9,30,False,,False,HKO tables,
2029-05-22,Tue,四月,si yue,4,4th month,False,初十,chu shi,10,30,False,,False,HKO tables,
2029-05-23,Wed,四月,si yue,4,4th month,False,十一,shi yi,11,30,False,,False,HKO tables,
2029-05-24,Thu,四月,si yue,4,4th month,False,十二,shi er,12,30,False,,False,HKO tables,
2029-05-25,Fri,四月,si yue,4,4th month,False,十三,shi san,13,30,False,,False,HKO tables,
2029-05-26,Sat,四月,si yue,4,4th month,False,十四,shi si,14,30,True,,False,HKO tables,
2029-05-27,Sun,四月,si yue,4,4th month,False,十五,shi wu,15,30,True,full,False,HKO tables,
2029-05-28,Mon,四月,si yue,4,4th month,False,十六,shi liu,16,30,False,,False,HKO tables,
2029-05-29,Tue,四月,si yue,4,4th month,False,十七,shi qi,17,30,False,,False,HKO tables,
2029-05-30,Wed,四月,si yue,4,4th month,False,十八,shi ba,18,30,False,,False,HKO tables,
2029-05-31,Thu,四月,si yue,4,4th month,False,十九,shi jiu,19,30,False,,False,HKO tables,
2029-06-01,Fri,四月,si yue,4,4th month,False,二十,er shi,20,30,False,,False,HKO tables,
2029-06-02,Sat,四月,si yue,4,4th month,False,廿一,nian yi,21,30,False,,False,HKO tables,
2029-06-03,Sun,四月,si yue,4,4th month,False,廿二,nian er,22,30,False,,False,HKO tables,
2029-06-04,Mon,四月,si yue,4,4th month,False,廿三,nian san,23,30,True,,False,HKO tables,
2029-06-05,Tue,四月,si yue,4,4th month,False,廿四,nian si,24,30,False,,False,HKO tables,
2029-06-06,Wed,四月,si yue,4,4th month,False,廿五,nian wu,25,30,False,,False,HKO tables,
2029-06-07,Thu,四月,si yue,4,4th month,False,廿六,nian liu,26,30,False,,False,HKO tables,
2029-06-08,Fri,四月,si yue,4,4th month,False,廿七,nian qi,27,30,False,,False,HKO tables,
2029-06-09,Sat,四月,si yue,4,4th month,False,廿八,nian ba,28,30,False,,False,HKO tables,
2029-06-10,Sun,四月,si yue,4,4th month,False,廿九,nian jiu,29,30,True,,False,HKO tables,
2029-06-11,Mon,四月,si yue,4,4th month,False,三十,san shi,30,30,True,,False,HKO tables,
2029-06-12,Tue,五月,wu yue,5,5th month,False,初一,chu yi,1,29,False,new,True,HKO tables,
2029-06-13,Wed,五月,wu yue,5,5th month,False,初二,chu er,2,29,False,,True,HKO tables,
2029-06-14,Thu,五月,wu yue,5,5th month,False,初三,chu san,3,29,False,,True,HKO tables,
2029-06-15,Fri,五月,wu yue,5,5th month,False,初四,chu si,4,29,False,,True,HKO tables,
2029-06-16,Sat,五月,wu yue,5,5th month,False,初五,chu wu,5,29,False,,True,HKO tables,
2029-06-17,Sun,五月,wu yue,5,5th month,False,初六,chu liu,6,29,False,,True,HKO tables,
2029-06-18,Mon,五月,wu yue,5,5th month,False,初七,chu qi,7,29,False,,True,HKO tables,
2029-06-19,Tue,五月,wu yue,5,5th month,False,初八,chu ba,8,29,True,,True,HKO tables,
2029-06-20,Wed,五月,wu yue,5,5th month,False,初九,chu jiu,9,29,False,,True,HKO tables,
2029-06-21,Thu,五月,wu yue,5,5th month,False,初十,chu shi,10,29,False,,True,HKO tables,
2029-06-22,Fri,五月,wu yue,5,5th month,False,十一,shi yi,11,29,False,,True,HKO tables,
2029-06-23,Sat,五月,wu yue,5,5th month,False,十二,shi er,12,29,False,,True,HKO tables,
2029-06-24,Sun,五月,wu yue,5,5th month,False,十三,shi san,13,29,False,,True,HKO tables,
2029-06-25,Mon,五月,wu yue,5,5th month,False,十四,shi si,14,29,True,,True,HKO tables,
2029-06-26,Tue,五月,wu yue,5,5th month,False,十五,shi wu,15,29,True,full,True,HKO tables,
2029-06-27,Wed,五月,wu yue,5,5th month,False,十六,shi liu,16,29,False,,True,HKO tables,
2029-06-28,Thu,五月,wu yue,5,5th month,False,十七,shi qi,17,29,False,,True,HKO tables,
2029-06-29,Fri,五月,wu yue,5,5th month,False,十八,shi ba,18,29,False,,True,HKO tables,
2029-06-30,Sat,五月,wu yue,5,5th month,False,十九,shi jiu,19,29,False,,True,HKO tables,
2029-07-01,Sun,五月,wu yue,5,5th month,False,二十,er shi,20,29,False,,True,HKO tables,
2029-07-02,Mon,五月,wu yue,5,5th month,False,廿一,nian yi,21,29,False,,True,HKO tables,
2029-07-03,Tue,五月,wu yue,5,5th month,False,廿二,nian er,22,29,False,,True,HKO tables,
2029-07-04,Wed,五月,wu yue,5,5th month,False,廿三,nian san,23,29,True,,True,HKO tables,
2029-07-05,Thu,五月,wu yue,5,5th month,False,廿四,nian si,24,29,False,,True,HKO tables,
2029-07-06,Fri,五月,wu yue,5,5th month,False,廿五,nian wu,25,29,False,,True,HKO tables,
2029-07-07,Sat,五月,wu yue,5,5th month,False,廿六,nian liu,26,29,False,,True,HKO tables,
2029-07-08,Sun,五月,wu yue,5,5th month,False,廿七,nian qi,27,29,False,,True,HKO tables,
2029-07-09,Mon,五月,wu yue,5,5th month,False,廿八,nian ba,28,29,True,,True,HKO tables,
2029-07-10,Tue,五月,wu yue,5,5th month,False,廿九,nian jiu,29,29,True,,True,HKO tables,
2029-07-11,Wed,六月,liu yue,6,6th month,False,初一,chu yi,1,30,False,new,False,HKO tables,
2029-07-12,Thu,六月,liu yue,6,6th month,False,初二,chu er,2,30,False,,False,HKO tables,
2029-07-13,Fri,六月,liu yue,6,6th month,False,初三,chu san,3,30,False,,False,HKO tables,
2029-07-14,Sat,六月,liu yue,6,6th month,False,初四,chu si,4,30,False,,False,HKO tables,
2029-07-15,Sun,六月,liu yue,6,6th month,False,初五,chu wu,5,30,False,,False,HKO tables,
2029-07-16,Mon,六月,liu yue,6,6th month,False,初六,chu liu,6,30,False,,False,HKO tables,
2029-07-17,Tue,六月,liu yue,6,6th month,False,初七,chu qi,7,30,False,,False,HKO tables,
2029-07-18,Wed,六月,liu yue,6,6th month,False,初八,chu ba,8,30,True,,False,HKO tables,
2029-07-19,Thu,六月,liu yue,6,6th month,False,初九,chu jiu,9,30,False,,False,HKO tables,
2029-07-20,Fri,六月,liu yue,6,6th month,False,初十,chu shi,10,30,False,,False,HKO tables,
2029-07-21,Sat,六月,liu yue,6,6th month,False,十一,shi yi,11,30,False,,False,HKO tables,
2029-07-22,Sun,六月,liu yue,6,6th month,False,十二,shi er,12,30,False,,False,HKO tables,
2029-07-23,Mon,六月,liu yue,6,6th month,False,十三,shi san,13,30,False,,False,HKO tables,
2029-07-24,Tue,六月,liu yue,6,6th month,False,十四,shi si,14,30,True,,False,HKO tables,
2029-07-25,Wed,六月,liu yue,6,6th month,False,十五,shi wu,15,30,True,full,False,HKO tables,
2029-07-26,Thu,六月,liu yue,6,6th month,False,十六,shi liu,16,30,False,,False,HKO tables,
2029-07-27,Fri,六月,liu yue,6,6th month,False,十七,shi qi,17,30,False,,False,HKO tables,
2029-07-28,Sat,六月,liu yue,6,6th month,False,十八,shi ba,18,30,False,,False,HKO tables,
2029-07-29,Sun,六月,liu yue,6,6th month,False,十九,shi jiu,19,30,False,,False,HKO tables,
2029-07-30,Mon,六月,liu yue,6,6th month,False,二十,er shi,20,30,False,,False,HKO tables,
2029-07-31,Tue,六月,liu yue,6,6th month,False,廿一,nian yi,21,30,False,,False,HKO tables,
2029-08-01,Wed,六月,liu yue,6,6th month,False,廿二,nian er,22,30,False,,False,HKO tables,
2029-08-02,Thu,六月,liu yue,6,6th month,False,廿三,nian san,23,30,True,,False,HKO tables,
2029-08-03,Fri,六月,liu yue,6,6th month,False,廿四,nian si,24,30,False,,False,HKO tables,
2029-08-04,Sat,六月,liu yue,6,6th month,False,廿五,nian wu,25,30,False,,False,HKO tables,
2029-08-05,Sun,六月,liu yue,6,6th month,False,廿六,nian liu,26,30,False,,False,HKO tables,
2029-08-06,Mon,六月,liu yue,6,6th month,False,廿七,nian qi,27,30,False,,False,HKO tables,
2029-08-07,Tue,六月,liu yue,6,6th month,False,廿八,nian ba,28,30,False,,False,HKO tables,
2029-08-08,Wed,六月,liu yue,6,6th month,False,廿九,nian jiu,29,30,True,,False,HKO tables,
2029-08-09,Thu,六月,liu yue,6,6th month,False,三十,san shi,30,30,True,,False,HKO tables,
2029-08-10,Fri,七月,qi yue,7,7th month,False,初一,chu yi,1,29,False,new,False,HKO tables,
2029-08-11,Sat,七月,qi yue,7,7th month,False,初二,chu er,2,29,False,,False,HKO tables,
2029-08-12,Sun,七月,qi yue,7,7th month,False,初三,chu san,3,29,False,,False,HKO tables,
2029-08-13,Mon,七月,qi yue,7,7th month,False,初四,chu si,4,29,False,,False,HKO tables,
2029-08-14,Tue,七月,qi yue,7,7th month,False,初五,chu wu,5,29,False,,False,HKO tables,
2029-08-15,Wed,七月,qi yue,7,7th month,False,初六,chu liu,6,29,False,,False,HKO tables,
2029-08-16,Thu,七月,qi yue,7,7th month,False,初七,chu qi,7,29,False,,False,HKO tables,
2029-08-17,Fri,七月,qi yue,7,7th month,False,初八,chu ba,8,29,True,,False,HKO tables,
2029-08-18,Sat,七月,qi yue,7,7th month,False,初九,chu jiu,9,29,False,,False,HKO tables,
2029-08-19,Sun,七月,qi yue,7,7th month,False,初十,chu shi,10,29,False,,False,HKO tables,
2029-08-20,Mon,七月,qi yue,7,7th month,False,十一,shi yi,11,29,False,,False,HKO tables,
2029-08-21,Tue,七月,qi yue,7,7th month,False,十二,shi er,12,29,False,,False,HKO tables,
2029-08-22,Wed,七月,qi yue,7,7th month,False,十三,shi san,13,29,False,,False,HKO tables,
2029-08-23,Thu,七月,qi yue,7,7th month,False,十四,shi si,14,29,True,,False,HKO tables,
2029-08-24,Fri,七月,qi yue,7,7th month,False,十五,shi wu,15,29,True,full,False,HKO tables,
2029-08-25,Sat,七月,qi yue,7,7th month,False,十六,shi liu,16,29,False,,False,HKO tables,
2029-08-26,Sun,七月,qi yue,7,7th month,False,十七,shi qi,17,29,False,,False,HKO tables,
2029-08-27,Mon,七月,qi yue,7,7th month,False,十八,shi ba,18,29,False,,False,HKO tables,
2029-08-28,Tue,七月,qi yue,7,7th month,False,十九,shi jiu,19,29,False,,False,HKO tables,
2029-08-29,Wed,七月,qi yue,7,7th month,False,二十,er shi,20,29,False,,False,HKO tables,
2029-08-30,Thu,七月,qi yue,7,7th month,False,廿一,nian yi,21,29,False,,False,HKO tables,
2029-08-31,Fri,七月,qi yue,7,7th month,False,廿二,nian er,22,29,False,,False,HKO tables,
2029-09-01,Sat,七月,qi yue,7,7th month,False,廿三,nian san,23,29,True,,False,HKO tables,
2029-09-02,Sun,七月,qi yue,7,7th month,False,廿四,nian si,24,29,False,,False,HKO tables,
2029-09-03,Mon,七月,qi yue,7,7th month,False,廿五,nian wu,25,29,False,,False,HKO tables,
2029-09-04,Tue,七月,qi yue,7,7th month,False,廿六,nian liu,26,29,False,,False,HKO tables,
2029-09-05,Wed,七月,qi yue,7,7th month,False,廿七,nian qi,27,29,False,,False,HKO tables,
2029-09-06,Thu,七月,qi yue,7,7th month,False,廿八,nian ba,28,29,True,,False,HKO tables,
2029-09-07,Fri,七月,qi yue,7,7th month,False,廿九,nian jiu,29,29,True,,False,HKO tables,
2029-09-08,Sat,八月,ba yue,8,8th month,False,初一,chu yi,1,30,False,new,False,HKO tables,
2029-09-09,Sun,八月,ba yue,8,8th month,False,初二,chu er,2,30,False,,False,HKO tables,
2029-09-10,Mon,八月,ba yue,8,8th month,False,初三,chu san,3,30,False,,False,HKO tables,
2029-09-11,Tue,八月,ba yue,8,8th month,False,初四,chu si,4,30,False,,False,HKO tables,
2029-09-12,Wed,八月,ba yue,8,8th month,False,初五,chu wu,5,30,False,,False,HKO tables,
2029-09-13,Thu,八月,ba yue,8,8th month,False,初六,chu liu,6,30,False,,False,HKO tables,
2029-09-14,Fri,八月,ba yue,8,8th month,False,初七,chu qi,7,30,False,,False,HKO tables,
2029-09-15,Sat,八月,ba yue,8,8th month,False,初八,chu ba,8,30,True,,False,HKO tables,
2029-09-16,Sun,八月,ba yue,8,8th month,False,初九,chu jiu,9,30,False,,False,HKO tables,
2029-09-17,Mon,八月,ba yue,8,8th month,False,初十,chu shi,10,30,False,,False,HKO tables,
2029-09-18,Tue,八月,ba yue,8,8th month,False,十一,shi yi,11,30,False,,False,HKO tables,
2029-09-19,Wed,八月,ba yue,8,8th month,False,十二,shi er,12,30,False,,False,HKO tables,
2029-09-20,Thu,八月,ba yue,8,8th month,False,十三,shi san,13,30,False,,False,HKO tables,
2029-09-21,Fri,八月,ba yue,8,8th month,False,十四,shi si,14,30,True,,False,HKO tables,
2029-09-22,Sat,八月,ba yue,8,8th month,False,十五,shi wu,15,30,True,full,False,HKO tables,
2029-09-23,Sun,八月,ba yue,8,8th month,False,十六,shi liu,16,30,False,,False,HKO tables,
2029-09-24,Mon,八月,ba yue,8,8th month,False,十七,shi qi,17,30,False,,False,HKO tables,
2029-09-25,Tue,八月,ba yue,8,8th month,False,十八,shi ba,18,30,False,,False,HKO tables,
2029-09-26,Wed,八月,ba yue,8,8th month,False,十九,shi jiu,19,30,False,,False,HKO tables,
2029-09-27,Thu,八月,ba yue,8,8th month,False,二十,er shi,20,30,False,,False,HKO tables,
2029-09-28,Fri,八月,ba yue,8,8th month,False,廿一,nian yi,21,30,False,,False,HKO tables,
2029-09-29,Sat,八月,ba yue,8,8th month,False,廿二,nian er,22,30,False,,False,HKO tables,
2029-09-30,Sun,八月,ba yue,8,8th month,False,廿三,nian san,23,30,True,,False,HKO tables,
2029-10-01,Mon,八月,ba yue,8,8th month,False,廿四,nian si,24,30,False,,False,HKO tables,
2029-10-02,Tue,八月,ba yue,8,8th month,False,廿五,nian wu,25,30,False,,False,HKO tables,
2029-10-03,Wed,八月,ba yue,8,8th month,False,廿六,nian liu,26,30,False,,False,HKO tables,
2029-10-04,Thu,八月,ba yue,8,8th month,False,廿七,nian qi,27,30,False,,False,HKO tables,
2029-10-05,Fri,八月,ba yue,8,8th month,False,廿八,nian ba,28,30,False,,False,HKO tables,
2029-10-06,Sat,八月,ba yue,8,8th month,False,廿九,nian jiu,29,30,True,,False,HKO tables,
2029-10-07,Sun,八月,ba yue,8,8th month,False,三十,san shi,30,30,True,,False,HKO tables,
2029-10-08,Mon,九月,jiu yue,9,9th month,False,初一,chu yi,1,29,False,new,True,HKO tables,
2029-10-09,Tue,九月,jiu yue,9,9th month,False,初二,chu er,2,29,False,,True,HKO tables,
2029-10-10,Wed,九月,jiu yue,9,9th month,False,初三,chu san,3,29,False,,True,HKO tables,
2029-10-11,Thu,九月,jiu yue,9,9th month,False,初四,chu si,4,29,False,,True,HKO tables,
2029-10-12,Fri,九月,jiu yue,9,9th month,False,初五,chu wu,5,29,False,,True,HKO tables,
2029-10-13,Sat,九月,jiu yue,9,9th month,False,初六,chu liu,6,29,False,,True,HKO tables,
2029-10-14,Sun,九月,jiu yue,9,9th month,False,初七,chu qi,7,29,False,,True,HKO tables,
2029-10-15,Mon,九月,jiu yue,9,9th month,False,初八,chu ba,8,29,True,,True,HKO tables,
2029-10-16,Tue,九月,jiu yue,9,9th month,False,初九,chu jiu,9,29,False,,True,HKO tables,
2029-10-17,Wed,九月,jiu yue,9,9th month,False,初十,chu shi,10,29,False,,True,HKO tables,
2029-10-18,Thu,九月,jiu yue,9,9th month,False,十一,shi yi,11,29,False,,True,HKO tables,
2029-10-19,Fri,九月,jiu yue,9,9th month,False,十二,shi er,12,29,False,,True,HKO tables,
2029-10-20,Sat,九月,jiu yue,9,9th month,False,十三,shi san,13,29,False,,True,HKO tables,
2029-10-21,Sun,九月,jiu yue,9,9th month,False,十四,shi si,14,29,True,,True,HKO tables,
2029-10-22,Mon,九月,jiu yue,9,9th month,False,十五,shi wu,15,29,True,full,True,HKO tables,
2029-10-23,Tue,九月,jiu yue,9,9th month,False,十六,shi liu,16,29,False,,True,HKO tables,
2029-10-24,Wed,九月,jiu yue,9,9th month,False,十七,shi qi,17,29,False,,True,HKO tables,
2029-10-25,Thu,九月,jiu yue,9,9th month,False,十八,shi ba,18,29,False,,True,HKO tables,
2029-10-26,Fri,九月,jiu yue,9,9th month,False,十九,shi jiu,19,29,False,,True,HKO tables,
2029-10-27,Sat,九月,jiu yue,9,9th month,False,二十,er shi,20,29,False,,True,HKO tables,
2029-10-28,Sun,九月,jiu yue,9,9th month,False,廿一,nian yi,21,29,False,,True,HKO tables,
2029-10-29,Mon,九月,jiu yue,9,9th month,False,廿二,nian er,22,29,False,,True,HKO tables,
2029-10-30,Tue,九月,jiu yue,9,9th month,False,廿三,nian san,23,29,True,,True,HKO tables,
2029-10-31,Wed,九月,jiu yue,9,9th month,False,廿四,nian si,24,29,False,,True,HKO tables,
2029-11-01,Thu,九月,jiu yue,9,9th month,False,廿五,nian wu,25,29,False,,True,HKO tables,
2029-11-02,Fri,九月,jiu yue,9,9th month,False,廿六,nian liu,26,29,False,,True,HKO tables,
2029-11-03,Sat,九月,jiu yue,9,9th month,False,廿七,nian qi,27,29,False,,True,HKO tables,
2029-11-04,Sun,九月,jiu yue,9,9th month,False,廿八,nian ba,28,29,True,,True,HKO tables,
2029-11-05,Mon,九月,jiu yue,9,9th month,False,廿九,nian jiu,29,29,True,,True,HKO tables,
2029-11-06,Tue,十月,shi yue,10,10th month,False,初一,chu yi,1,29,False,new,False,HKO tables,
2029-11-07,Wed,十月,shi yue,10,10th month,False,初二,chu er,2,29,False,,False,HKO tables,
2029-11-08,Thu,十月,shi yue,10,10th month,False,初三,chu san,3,29,False,,False,HKO tables,
2029-11-09,Fri,十月,shi yue,10,10th month,False,初四,chu si,4,29,False,,False,HKO tables,
2029-11-10,Sat,十月,shi yue,10,10th month,False,初五,chu wu,5,29,False,,False,HKO tables,
2029-11-11,Sun,十月,shi yue,10,10th month,False,初六,chu liu,6,29,False,,False,HKO tables,
2029-11-12,Mon,十月,shi yue,10,10th month,False,初七,chu qi,7,29,False,,False,HKO tables,
2029-11-13,Tue,十月,shi yue,10,10th month,False,初八,chu ba,8,29,True,,False,HKO tables,
2029-11-14,Wed,十月,shi yue,10,10th month,False,初九,chu jiu,9,29,False,,False,HKO tables,
2029-11-15,Thu,十月,shi yue,10,10th month,False,初十,chu shi,10,29,False,,False,HKO tables,
2029-11-16,Fri,十月,shi yue,10,10th month,False,十一,shi yi,11,29,False,,False,HKO tables,
2029-11-17,Sat,十月,shi yue,10,10th month,False,十二,shi er,12,29,False,,False,HKO tables,
2029-11-18,Sun,十月,shi yue,10,10th month,False,十三,shi san,13,29,False,,False,HKO tables,
2029-11-19,Mon,十月,shi yue,10,10th month,False,十四,shi si,14,29,True,,False,HKO tables,
2029-11-20,Tue,十月,shi yue,10,10th month,False,十五,shi wu,15,29,True,full,False,HKO tables,
2029-11-21,Wed,十月,shi yue,10,10th month,False,十六,shi liu,16,29,False,,False,HKO tables,
2029-11-22,Thu,十月,shi yue,10,10th month,False,十七,shi qi,17,29,False,,False,HKO tables,
2029-11-23,Fri,十月,shi yue,10,10th month,False,十八,shi ba,18,29,False,,False,HKO tables,
2029-11-24,Sat,十月,shi yue,10,10th month,False,十九,shi jiu,19,29,False,,False,HKO tables,
2029-11-25,Sun,十月,shi yue,10,10th month,False,二十,er shi,20,29,False,,False,HKO tables,
2029-11-26,Mon,十月,shi yue,10,10th month,False,廿一,nian yi,21,29,False,,False,HKO tables,
2029-11-27,Tue,十月,shi yue,10,10th month,False,廿二,nian er,22,29,False,,False,HKO tables,
2029-11-28,Wed,十月,shi yue,10,10th month,False,廿三,nian san,23,29,True,,False,HKO tables,
2029-11-29,Thu,十月,shi yue,10,10th month,False,廿四,nian si,24,29,False,,False,HKO tables,
2029-11-30,Fri,十月,shi yue,10,10th month,False,廿五,nian wu,25,29,False,,False,HKO tables,
2029-12-01,Sat,十月,shi yue,10,10th month,False,廿六,nian liu,26,29,False,,False,HKO tables,
2029-12-02,Sun,十月,shi yue,10,10th month,False,廿七,nian qi,27,29,False,,False,HKO tables,
2029-12-03,Mon,十月,shi yue,10,10th month,False,廿八,nian ba,28,29,True,,False,HKO tables,
2029-12-04,Tue,十月,shi yue,10,10th month,False,廿九,nian jiu,29,29,True,,False,HKO tables,
2029-12-05,Wed,十一月,shi yi yue,11,11th month,False,初一,chu yi,1,27,False,new,False,HKO tables,
2029-12-06,Thu,十一月,shi yi yue,11,11th month,False,初二,chu er,2,27,False,,False,HKO tables,
2029-12-07,Fri,十一月,shi yi yue,11,11th month,False,初三,chu san,3,27,False,,False,HKO tables,
2029-12-08,Sat,十一月,shi yi yue,11,11th month,False,初四,chu si,4,27,False,,False,HKO tables,
2029-12-09,Sun,十一月,shi yi yue,11,11th month,False,初五,chu wu,5,27,False,,False,HKO tables,
2029-12-10,Mon,十一月,shi yi yue,11,11th month,False,初六,chu liu,6,27,False,,False,HKO tables,
2029-12-11,Tue,十一月,shi yi yue,11,11th month,False,初七,chu qi,7,27,False,,False,HKO tables,
2029-12-12,Wed,十一月,shi yi yue,11,11th month,False,初八,chu ba,8,27,True,,False,HKO tables,
2029-12-13,Thu,十一月,shi yi yue,11,11th month,False,初九,chu jiu,9,27,False,,False,HKO tables,
2029-12-14,Fri,十一月,shi yi yue,11,11th month,False,初十,chu shi,10,27,False,,False,HKO tables,
2029-12-15,Sat,十一月,shi yi yue,11,11th month,False,十一,shi yi,11,27,False,,False,HKO tables,
2029-12-16,Sun,十一月,shi yi yue,11,11th month,False,十二,shi er,12,27,False,,False,HKO tables,
2029-12-17,Mon,十一月,shi yi yue,11,11th month,False,十三,shi san,13,27,False,,False,HKO tables,
2029-12-18,Tue,十一月,shi yi yue,11,11th month,False,十四,shi si,14,27,True,,False,HKO tables,
2029-12-19,Wed,十一月,shi yi yue,11,11th month,False,十五,shi wu,15,27,True,full,False,HKO tables,
2029-12-20,Thu,十一月,shi yi yue,11,11th month,False,十六,shi liu,16,27,False,,False,HKO tables,
2029-12-21,Fri,十一月,shi yi yue,11,11th month,False,十七,shi qi,17,27,False,,False,HKO tables,
2029-12-22,Sat,十一月,shi yi yue,11,11th month,False,十八,shi ba,18,27,False,,False,HKO tables,
2029-12-23,Sun,十一月,shi yi yue,11,11th month,False,十九,shi jiu,19,27,False,,False,HKO tables,
2029-12-24,Mon,十一月,shi yi yue,11,11th month,False,二十,er shi,20,27,False,,False,HKO tables,
2029-12-25,Tue,十一月,shi yi yue,11,11th month,False,廿一,nian yi,21,27,False,,False,HKO tables,
2029-12-26,Wed,十一月,shi yi yue,11,11th month,False,廿二,nian er,22,27,False,,False,HKO tables,
2029-12-27,Thu,十一月,shi yi yue,11,11th month,False,廿三,nian san,23,27,True,,False,HKO tables,
2029-12-28,Fri,十一月,shi yi yue,11,11th month,False,廿四,nian si,24,27,False,,False,HKO tables,
2029-12-29,Sat,十一月,shi yi yue,11,11th month,False,廿五,nian wu,25,27,False,,False,HKO tables,
2029-12-30,Sun,十一月,shi yi yue,11,11th month,False,廿六,nian liu,26,27,False,,False,HKO tables,
2029-12-31,Mon,十一月,shi yi yue,11,11th month,False,廿七,nian qi,27,27,False,,False,HKO tables,
